snapshot_date,micro_theme,company_id
2023-01-31,edge-computing,C003
2023-01-31,edge-computing,C009
2023-01-31,edge-computing,C015
2023-01-31,edge-computing,C026
2023-01-31,edge-computing,C040
2023-01-31,edge-computing,C071
2023-01-31,edge-computing,C077
2023-01-31,edge-computing,C082
2023-01-31,edge-computing,C085
2023-01-31,edge-computing,C089
2023-01-31,edge-computing,C095
2023-01-31,edge-computing,C107
2023-01-31,edge-computing,C112
2023-01-31,edge-computing,C119
2023-01-31,grid-storage,C009
2023-01-31,grid-storage,C012
2023-01-31,grid-storage,C016
2023-01-31,grid-storage,C037
2023-01-31,grid-storage,C044
2023-01-31,grid-storage,C047
2023-01-31,grid-storage,C052
2023-01-31,grid-storage,C060
2023-01-31,grid-storage,C067
2023-01-31,grid-storage,C081
2023-01-31,grid-storage,C082
2023-01-31,grid-storage,C083
2023-01-31,grid-storage,C090
2023-01-31,grid-storage,C103
2023-01-31,grid-storage,C119
2023-01-31,industrial-explosives,C006
2023-01-31,industrial-explosives,C010
2023-01-31,industrial-explosives,C011
2023-01-31,industrial-explosives,C013
2023-01-31,industrial-explosives,C015
2023-01-31,industrial-explosives,C020
2023-01-31,industrial-explosives,C027
2023-01-31,industrial-explosives,C046
2023-01-31,industrial-explosives,C048
2023-01-31,industrial-explosives,C063
2023-01-31,industrial-explosives,C089
2023-01-31,industrial-explosives,C094
2023-01-31,industrial-explosives,C100
2023-01-31,industrial-explosives,C118
2023-01-31,lithium-mining,C038
2023-01-31,lithium-mining,C045
2023-01-31,lithium-mining,C055
2023-01-31,lithium-mining,C058
2023-01-31,lithium-mining,C059
2023-01-31,lithium-mining,C072
2023-01-31,lithium-mining,C076
2023-01-31,lithium-mining,C077
2023-01-31,lithium-mining,C087
2023-01-31,lithium-mining,C092
2023-01-31,lithium-mining,C097
2023-01-31,lithium-mining,C098
2023-01-31,lithium-mining,C102
2023-01-31,lithium-mining,C111
2023-01-31,precision-fermentation,C003
2023-01-31,precision-fermentation,C012
2023-01-31,precision-fermentation,C014
2023-01-31,precision-fermentation,C025
2023-01-31,precision-fermentation,C031
2023-01-31,precision-fermentation,C037
2023-01-31,precision-fermentation,C046
2023-01-31,precision-fermentation,C052
2023-01-31,precision-fermentation,C074
2023-01-31,precision-fermentation,C077
2023-01-31,precision-fermentation,C083
2023-01-31,precision-fermentation,C086
2023-01-31,precision-fermentation,C100
2023-01-31,precision-fermentation,C107
2023-01-31,precision-fermentation,C108
2023-01-31,quantum-sensing,C003
2023-01-31,quantum-sensing,C007
2023-01-31,quantum-sensing,C008
2023-01-31,quantum-sensing,C012
2023-01-31,quantum-sensing,C018
2023-01-31,quantum-sensing,C033
2023-01-31,quantum-sensing,C034
2023-01-31,quantum-sensing,C053
2023-01-31,quantum-sensing,C058
2023-01-31,quantum-sensing,C064
2023-01-31,quantum-sensing,C069
2023-01-31,quantum-sensing,C073
2023-01-31,quantum-sensing,C074
2023-01-31,quantum-sensing,C075
2023-01-31,quantum-sensing,C077
2023-01-31,quantum-sensing,C080
2023-01-31,quantum-sensing,C100
2023-02-28,edge-computing,C003
2023-02-28,edge-computing,C009
2023-02-28,edge-computing,C015
2023-02-28,edge-computing,C036
2023-02-28,edge-computing,C040
2023-02-28,edge-computing,C071
2023-02-28,edge-computing,C082
2023-02-28,edge-computing,C085
2023-02-28,edge-computing,C089
2023-02-28,edge-computing,C095
2023-02-28,edge-computing,C107
2023-02-28,edge-computing,C112
2023-02-28,edge-computing,C119
2023-02-28,grid-storage,C009
2023-02-28,grid-storage,C016
2023-02-28,grid-storage,C037
2023-02-28,grid-storage,C044
2023-02-28,grid-storage,C045
2023-02-28,grid-storage,C047
2023-02-28,grid-storage,C060
2023-02-28,grid-storage,C067
2023-02-28,grid-storage,C081
2023-02-28,grid-storage,C082
2023-02-28,grid-storage,C090
2023-02-28,grid-storage,C092
2023-02-28,grid-storage,C093
2023-02-28,grid-storage,C103
2023-02-28,grid-storage,C119
2023-02-28,industrial-explosives,C006
2023-02-28,industrial-explosives,C010
2023-02-28,industrial-explosives,C011
2023-02-28,industrial-explosives,C013
2023-02-28,industrial-explosives,C015
2023-02-28,industrial-explosives,C020
2023-02-28,industrial-explosives,C024
2023-02-28,industrial-explosives,C027
2023-02-28,industrial-explosives,C028
2023-02-28,industrial-explosives,C046
2023-02-28,industrial-explosives,C063
2023-02-28,industrial-explosives,C089
2023-02-28,industrial-explosives,C094
2023-02-28,industrial-explosives,C100
2023-02-28,industrial-explosives,C103
2023-02-28,industrial-explosives,C118
2023-02-28,lithium-mining,C037
2023-02-28,lithium-mining,C045
2023-02-28,lithium-mining,C055
2023-02-28,lithium-mining,C058
2023-02-28,lithium-mining,C059
2023-02-28,lithium-mining,C072
2023-02-28,lithium-mining,C076
2023-02-28,lithium-mining,C077
2023-02-28,lithium-mining,C087
2023-02-28,lithium-mining,C097
2023-02-28,lithium-mining,C098
2023-02-28,lithium-mining,C102
2023-02-28,lithium-mining,C111
2023-02-28,precision-fermentation,C014
2023-02-28,precision-fermentation,C023
2023-02-28,precision-fermentation,C025
2023-02-28,precision-fermentation,C031
2023-02-28,precision-fermentation,C037
2023-02-28,precision-fermentation,C046
2023-02-28,precision-fermentation,C052
2023-02-28,precision-fermentation,C074
2023-02-28,precision-fermentation,C077
2023-02-28,precision-fermentation,C083
2023-02-28,precision-fermentation,C086
2023-02-28,precision-fermentation,C087
2023-02-28,precision-fermentation,C100
2023-02-28,precision-fermentation,C108
2023-02-28,quantum-sensing,C003
2023-02-28,quantum-sensing,C007
2023-02-28,quantum-sensing,C008
2023-02-28,quantum-sensing,C012
2023-02-28,quantum-sensing,C033
2023-02-28,quantum-sensing,C034
2023-02-28,quantum-sensing,C053
2023-02-28,quantum-sensing,C058
2023-02-28,quantum-sensing,C064
2023-02-28,quantum-sensing,C069
2023-02-28,quantum-sensing,C074
2023-02-28,quantum-sensing,C075
2023-02-28,quantum-sensing,C077
2023-02-28,quantum-sensing,C080
2023-02-28,quantum-sensing,C083
2023-02-28,quantum-sensing,C100
2023-02-28,quantum-sensing,C118
2023-03-31,edge-computing,C003
2023-03-31,edge-computing,C009
2023-03-31,edge-computing,C015
2023-03-31,edge-computing,C029
2023-03-31,edge-computing,C036
2023-03-31,edge-computing,C040
2023-03-31,edge-computing,C071
2023-03-31,edge-computing,C082
2023-03-31,edge-computing,C085
2023-03-31,edge-computing,C089
2023-03-31,edge-computing,C095
2023-03-31,edge-computing,C107
2023-03-31,edge-computing,C112
2023-03-31,grid-storage,C009
2023-03-31,grid-storage,C016
2023-03-31,grid-storage,C037
2023-03-31,grid-storage,C044
2023-03-31,grid-storage,C047
2023-03-31,grid-storage,C060
2023-03-31,grid-storage,C067
2023-03-31,grid-storage,C081
2023-03-31,grid-storage,C090
2023-03-31,grid-storage,C092
2023-03-31,grid-storage,C093
2023-03-31,grid-storage,C103
2023-03-31,grid-storage,C109
2023-03-31,grid-storage,C113
2023-03-31,industrial-explosives,C006
2023-03-31,industrial-explosives,C010
2023-03-31,industrial-explosives,C011
2023-03-31,industrial-explosives,C013
2023-03-31,industrial-explosives,C027
2023-03-31,industrial-explosives,C028
2023-03-31,industrial-explosives,C046
2023-03-31,industrial-explosives,C063
2023-03-31,industrial-explosives,C065
2023-03-31,industrial-explosives,C089
2023-03-31,industrial-explosives,C094
2023-03-31,industrial-explosives,C100
2023-03-31,industrial-explosives,C103
2023-03-31,industrial-explosives,C118
2023-03-31,lithium-mining,C024
2023-03-31,lithium-mining,C037
2023-03-31,lithium-mining,C045
2023-03-31,lithium-mining,C055
2023-03-31,lithium-mining,C058
2023-03-31,lithium-mining,C059
2023-03-31,lithium-mining,C072
2023-03-31,lithium-mining,C075
2023-03-31,lithium-mining,C077
2023-03-31,lithium-mining,C087
2023-03-31,lithium-mining,C097
2023-03-31,lithium-mining,C098
2023-03-31,lithium-mining,C105
2023-03-31,lithium-mining,C111
2023-03-31,precision-fermentation,C014
2023-03-31,precision-fermentation,C023
2023-03-31,precision-fermentation,C025
2023-03-31,precision-fermentation,C031
2023-03-31,precision-fermentation,C037
2023-03-31,precision-fermentation,C046
2023-03-31,precision-fermentation,C052
2023-03-31,precision-fermentation,C074
2023-03-31,precision-fermentation,C077
2023-03-31,precision-fermentation,C087
2023-03-31,precision-fermentation,C100
2023-03-31,precision-fermentation,C118
2023-03-31,quantum-sensing,C003
2023-03-31,quantum-sensing,C007
2023-03-31,quantum-sensing,C008
2023-03-31,quantum-sensing,C012
2023-03-31,quantum-sensing,C030
2023-03-31,quantum-sensing,C033
2023-03-31,quantum-sensing,C053
2023-03-31,quantum-sensing,C058
2023-03-31,quantum-sensing,C064
2023-03-31,quantum-sensing,C069
2023-03-31,quantum-sensing,C072
2023-03-31,quantum-sensing,C074
2023-03-31,quantum-sensing,C075
2023-03-31,quantum-sensing,C083
2023-03-31,quantum-sensing,C100
2023-03-31,quantum-sensing,C107
2023-03-31,quantum-sensing,C118
2023-04-30,edge-computing,C009
2023-04-30,edge-computing,C029
2023-04-30,edge-computing,C040
2023-04-30,edge-computing,C071
2023-04-30,edge-computing,C082
2023-04-30,edge-computing,C085
2023-04-30,edge-computing,C089
2023-04-30,edge-computing,C095
2023-04-30,edge-computing,C107
2023-04-30,edge-computing,C112
2023-04-30,edge-computing,C118
2023-04-30,grid-storage,C009
2023-04-30,grid-storage,C016
2023-04-30,grid-storage,C037
2023-04-30,grid-storage,C047
2023-04-30,grid-storage,C054
2023-04-30,grid-storage,C060
2023-04-30,grid-storage,C067
2023-04-30,grid-storage,C090
2023-04-30,grid-storage,C092
2023-04-30,grid-storage,C093
2023-04-30,grid-storage,C103
2023-04-30,grid-storage,C105
2023-04-30,grid-storage,C113
2023-04-30,industrial-explosives,C004
2023-04-30,industrial-explosives,C006
2023-04-30,industrial-explosives,C010
2023-04-30,industrial-explosives,C011
2023-04-30,industrial-explosives,C013
2023-04-30,industrial-explosives,C027
2023-04-30,industrial-explosives,C028
2023-04-30,industrial-explosives,C046
2023-04-30,industrial-explosives,C059
2023-04-30,industrial-explosives,C063
2023-04-30,industrial-explosives,C085
2023-04-30,industrial-explosives,C089
2023-04-30,industrial-explosives,C094
2023-04-30,industrial-explosives,C100
2023-04-30,industrial-explosives,C103
2023-04-30,industrial-explosives,C118
2023-04-30,lithium-mining,C024
2023-04-30,lithium-mining,C037
2023-04-30,lithium-mining,C045
2023-04-30,lithium-mining,C055
2023-04-30,lithium-mining,C058
2023-04-30,lithium-mining,C072
2023-04-30,lithium-mining,C075
2023-04-30,lithium-mining,C077
2023-04-30,lithium-mining,C079
2023-04-30,lithium-mining,C087
2023-04-30,lithium-mining,C097
2023-04-30,lithium-mining,C098
2023-04-30,lithium-mining,C105
2023-04-30,lithium-mining,C111
2023-04-30,precision-fermentation,C014
2023-04-30,precision-fermentation,C015
2023-04-30,precision-fermentation,C023
2023-04-30,precision-fermentation,C025
2023-04-30,precision-fermentation,C031
2023-04-30,precision-fermentation,C037
2023-04-30,precision-fermentation,C052
2023-04-30,precision-fermentation,C074
2023-04-30,precision-fermentation,C077
2023-04-30,precision-fermentation,C087
2023-04-30,precision-fermentation,C100
2023-04-30,precision-fermentation,C110
2023-04-30,precision-fermentation,C112
2023-04-30,quantum-sensing,C003
2023-04-30,quantum-sensing,C007
2023-04-30,quantum-sensing,C008
2023-04-30,quantum-sensing,C012
2023-04-30,quantum-sensing,C023
2023-04-30,quantum-sensing,C033
2023-04-30,quantum-sensing,C053
2023-04-30,quantum-sensing,C058
2023-04-30,quantum-sensing,C062
2023-04-30,quantum-sensing,C064
2023-04-30,quantum-sensing,C069
2023-04-30,quantum-sensing,C072
2023-04-30,quantum-sensing,C074
2023-04-30,quantum-sensing,C075
2023-04-30,quantum-sensing,C083
2023-04-30,quantum-sensing,C084
2023-04-30,quantum-sensing,C100
2023-04-30,quantum-sensing,C107
2023-04-30,quantum-sensing,C118
2023-05-31,edge-computing,C009
2023-05-31,edge-computing,C029
2023-05-31,edge-computing,C040
2023-05-31,edge-computing,C071
2023-05-31,edge-computing,C082
2023-05-31,edge-computing,C085
2023-05-31,edge-computing,C089
2023-05-31,edge-computing,C095
2023-05-31,edge-computing,C103
2023-05-31,edge-computing,C107
2023-05-31,edge-computing,C112
2023-05-31,edge-computing,C118
2023-05-31,grid-storage,C009
2023-05-31,grid-storage,C047
2023-05-31,grid-storage,C048
2023-05-31,grid-storage,C054
2023-05-31,grid-storage,C060
2023-05-31,grid-storage,C067
2023-05-31,grid-storage,C068
2023-05-31,grid-storage,C090
2023-05-31,grid-storage,C092
2023-05-31,grid-storage,C093
2023-05-31,grid-storage,C094
2023-05-31,grid-storage,C103
2023-05-31,grid-storage,C105
2023-05-31,grid-storage,C113
2023-05-31,industrial-explosives,C004
2023-05-31,industrial-explosives,C006
2023-05-31,industrial-explosives,C011
2023-05-31,industrial-explosives,C013
2023-05-31,industrial-explosives,C027
2023-05-31,industrial-explosives,C028
2023-05-31,industrial-explosives,C046
2023-05-31,industrial-explosives,C059
2023-05-31,industrial-explosives,C077
2023-05-31,industrial-explosives,C085
2023-05-31,industrial-explosives,C089
2023-05-31,industrial-explosives,C100
2023-05-31,industrial-explosives,C103
2023-05-31,industrial-explosives,C118
2023-05-31,lithium-mining,C022
2023-05-31,lithium-mining,C024
2023-05-31,lithium-mining,C037
2023-05-31,lithium-mining,C045
2023-05-31,lithium-mining,C055
2023-05-31,lithium-mining,C077
2023-05-31,lithium-mining,C079
2023-05-31,lithium-mining,C087
2023-05-31,lithium-mining,C097
2023-05-31,lithium-mining,C098
2023-05-31,lithium-mining,C105
2023-05-31,lithium-mining,C109
2023-05-31,lithium-mining,C111
2023-05-31,precision-fermentation,C014
2023-05-31,precision-fermentation,C015
2023-05-31,precision-fermentation,C023
2023-05-31,precision-fermentation,C025
2023-05-31,precision-fermentation,C031
2023-05-31,precision-fermentation,C037
2023-05-31,precision-fermentation,C046
2023-05-31,precision-fermentation,C052
2023-05-31,precision-fermentation,C059
2023-05-31,precision-fermentation,C074
2023-05-31,precision-fermentation,C077
2023-05-31,precision-fermentation,C100
2023-05-31,precision-fermentation,C110
2023-05-31,precision-fermentation,C112
2023-05-31,quantum-sensing,C003
2023-05-31,quantum-sensing,C006
2023-05-31,quantum-sensing,C008
2023-05-31,quantum-sensing,C012
2023-05-31,quantum-sensing,C022
2023-05-31,quantum-sensing,C023
2023-05-31,quantum-sensing,C032
2023-05-31,quantum-sensing,C053
2023-05-31,quantum-sensing,C058
2023-05-31,quantum-sensing,C062
2023-05-31,quantum-sensing,C064
2023-05-31,quantum-sensing,C069
2023-05-31,quantum-sensing,C072
2023-05-31,quantum-sensing,C074
2023-05-31,quantum-sensing,C075
2023-05-31,quantum-sensing,C083
2023-05-31,quantum-sensing,C084
2023-05-31,quantum-sensing,C100
2023-05-31,quantum-sensing,C118
2023-06-30,edge-computing,C009
2023-06-30,edge-computing,C029
2023-06-30,edge-computing,C040
2023-06-30,edge-computing,C054
2023-06-30,edge-computing,C071
2023-06-30,edge-computing,C082
2023-06-30,edge-computing,C085
2023-06-30,edge-computing,C089
2023-06-30,edge-computing,C095
2023-06-30,edge-computing,C107
2023-06-30,edge-computing,C112
2023-06-30,edge-computing,C118
2023-06-30,grid-storage,C009
2023-06-30,grid-storage,C015
2023-06-30,grid-storage,C047
2023-06-30,grid-storage,C048
2023-06-30,grid-storage,C054
2023-06-30,grid-storage,C068
2023-06-30,grid-storage,C081
2023-06-30,grid-storage,C090
2023-06-30,grid-storage,C092
2023-06-30,grid-storage,C093
2023-06-30,grid-storage,C094
2023-06-30,grid-storage,C103
2023-06-30,grid-storage,C105
2023-06-30,grid-storage,C113
2023-06-30,industrial-explosives,C004
2023-06-30,industrial-explosives,C011
2023-06-30,industrial-explosives,C013
2023-06-30,industrial-explosives,C028
2023-06-30,industrial-explosives,C046
2023-06-30,industrial-explosives,C059
2023-06-30,industrial-explosives,C072
2023-06-30,industrial-explosives,C077
2023-06-30,industrial-explosives,C085
2023-06-30,industrial-explosives,C089
2023-06-30,industrial-explosives,C100
2023-06-30,industrial-explosives,C103
2023-06-30,industrial-explosives,C118
2023-06-30,lithium-mining,C022
2023-06-30,lithium-mining,C024
2023-06-30,lithium-mining,C045
2023-06-30,lithium-mining,C047
2023-06-30,lithium-mining,C055
2023-06-30,lithium-mining,C077
2023-06-30,lithium-mining,C079
2023-06-30,lithium-mining,C087
2023-06-30,lithium-mining,C097
2023-06-30,lithium-mining,C098
2023-06-30,lithium-mining,C105
2023-06-30,lithium-mining,C109
2023-06-30,precision-fermentation,C014
2023-06-30,precision-fermentation,C015
2023-06-30,precision-fermentation,C023
2023-06-30,precision-fermentation,C025
2023-06-30,precision-fermentation,C027
2023-06-30,precision-fermentation,C031
2023-06-30,precision-fermentation,C037
2023-06-30,precision-fermentation,C044
2023-06-30,precision-fermentation,C046
2023-06-30,precision-fermentation,C052
2023-06-30,precision-fermentation,C056
2023-06-30,precision-fermentation,C059
2023-06-30,precision-fermentation,C074
2023-06-30,precision-fermentation,C100
2023-06-30,precision-fermentation,C110
2023-06-30,precision-fermentation,C112
2023-06-30,quantum-sensing,C001
2023-06-30,quantum-sensing,C003
2023-06-30,quantum-sensing,C006
2023-06-30,quantum-sensing,C008
2023-06-30,quantum-sensing,C012
2023-06-30,quantum-sensing,C022
2023-06-30,quantum-sensing,C023
2023-06-30,quantum-sensing,C032
2023-06-30,quantum-sensing,C053
2023-06-30,quantum-sensing,C058
2023-06-30,quantum-sensing,C062
2023-06-30,quantum-sensing,C064
2023-06-30,quantum-sensing,C069
2023-06-30,quantum-sensing,C072
2023-06-30,quantum-sensing,C075
2023-06-30,quantum-sensing,C083
2023-06-30,quantum-sensing,C084
2023-06-30,quantum-sensing,C100
2023-06-30,quantum-sensing,C118
2023-07-31,edge-computing,C012
2023-07-31,edge-computing,C029
2023-07-31,edge-computing,C040
2023-07-31,edge-computing,C041
2023-07-31,edge-computing,C071
2023-07-31,edge-computing,C082
2023-07-31,edge-computing,C085
2023-07-31,edge-computing,C089
2023-07-31,edge-computing,C095
2023-07-31,edge-computing,C107
2023-07-31,edge-computing,C112
2023-07-31,edge-computing,C118
2023-07-31,grid-storage,C009
2023-07-31,grid-storage,C015
2023-07-31,grid-storage,C033
2023-07-31,grid-storage,C047
2023-07-31,grid-storage,C048
2023-07-31,grid-storage,C054
2023-07-31,grid-storage,C068
2023-07-31,grid-storage,C081
2023-07-31,grid-storage,C090
2023-07-31,grid-storage,C092
2023-07-31,grid-storage,C093
2023-07-31,grid-storage,C094
2023-07-31,grid-storage,C103
2023-07-31,grid-storage,C105
2023-07-31,industrial-explosives,C004
2023-07-31,industrial-explosives,C011
2023-07-31,industrial-explosives,C013
2023-07-31,industrial-explosives,C028
2023-07-31,industrial-explosives,C036
2023-07-31,industrial-explosives,C046
2023-07-31,industrial-explosives,C059
2023-07-31,industrial-explosives,C072
2023-07-31,industrial-explosives,C077
2023-07-31,industrial-explosives,C085
2023-07-31,industrial-explosives,C089
2023-07-31,industrial-explosives,C118
2023-07-31,lithium-mining,C010
2023-07-31,lithium-mining,C022
2023-07-31,lithium-mining,C024
2023-07-31,lithium-mining,C045
2023-07-31,lithium-mining,C047
2023-07-31,lithium-mining,C054
2023-07-31,lithium-mining,C076
2023-07-31,lithium-mining,C077
2023-07-31,lithium-mining,C079
2023-07-31,lithium-mining,C087
2023-07-31,lithium-mining,C097
2023-07-31,lithium-mining,C098
2023-07-31,lithium-mining,C105
2023-07-31,lithium-mining,C109
2023-07-31,precision-fermentation,C014
2023-07-31,precision-fermentation,C015
2023-07-31,precision-fermentation,C023
2023-07-31,precision-fermentation,C025
2023-07-31,precision-fermentation,C027
2023-07-31,precision-fermentation,C037
2023-07-31,precision-fermentation,C046
2023-07-31,precision-fermentation,C052
2023-07-31,precision-fermentation,C056
2023-07-31,precision-fermentation,C059
2023-07-31,precision-fermentation,C061
2023-07-31,precision-fermentation,C074
2023-07-31,precision-fermentation,C084
2023-07-31,precision-fermentation,C089
2023-07-31,precision-fermentation,C110
2023-07-31,precision-fermentation,C112
2023-07-31,quantum-sensing,C003
2023-07-31,quantum-sensing,C006
2023-07-31,quantum-sensing,C008
2023-07-31,quantum-sensing,C012
2023-07-31,quantum-sensing,C022
2023-07-31,quantum-sensing,C023
2023-07-31,quantum-sensing,C029
2023-07-31,quantum-sensing,C032
2023-07-31,quantum-sensing,C053
2023-07-31,quantum-sensing,C058
2023-07-31,quantum-sensing,C062
2023-07-31,quantum-sensing,C064
2023-07-31,quantum-sensing,C069
2023-07-31,quantum-sensing,C072
2023-07-31,quantum-sensing,C075
2023-07-31,quantum-sensing,C083
2023-07-31,quantum-sensing,C100
2023-07-31,quantum-sensing,C118
2023-08-31,edge-computing,C012
2023-08-31,edge-computing,C040
2023-08-31,edge-computing,C049
2023-08-31,edge-computing,C071
2023-08-31,edge-computing,C082
2023-08-31,edge-computing,C085
2023-08-31,edge-computing,C089
2023-08-31,edge-computing,C095
2023-08-31,edge-computing,C107
2023-08-31,edge-computing,C118
2023-08-31,grid-storage,C009
2023-08-31,grid-storage,C015
2023-08-31,grid-storage,C047
2023-08-31,grid-storage,C048
2023-08-31,grid-storage,C068
2023-08-31,grid-storage,C078
2023-08-31,grid-storage,C081
2023-08-31,grid-storage,C090
2023-08-31,grid-storage,C092
2023-08-31,grid-storage,C093
2023-08-31,grid-storage,C094
2023-08-31,grid-storage,C103
2023-08-31,grid-storage,C105
2023-08-31,industrial-explosives,C004
2023-08-31,industrial-explosives,C011
2023-08-31,industrial-explosives,C013
2023-08-31,industrial-explosives,C028
2023-08-31,industrial-explosives,C036
2023-08-31,industrial-explosives,C046
2023-08-31,industrial-explosives,C055
2023-08-31,industrial-explosives,C059
2023-08-31,industrial-explosives,C062
2023-08-31,industrial-explosives,C076
2023-08-31,industrial-explosives,C085
2023-08-31,industrial-explosives,C089
2023-08-31,industrial-explosives,C118
2023-08-31,lithium-mining,C008
2023-08-31,lithium-mining,C010
2023-08-31,lithium-mining,C022
2023-08-31,lithium-mining,C024
2023-08-31,lithium-mining,C043
2023-08-31,lithium-mining,C045
2023-08-31,lithium-mining,C047
2023-08-31,lithium-mining,C054
2023-08-31,lithium-mining,C057
2023-08-31,lithium-mining,C076
2023-08-31,lithium-mining,C077
2023-08-31,lithium-mining,C079
2023-08-31,lithium-mining,C087
2023-08-31,lithium-mining,C098
2023-08-31,lithium-mining,C105
2023-08-31,lithium-mining,C109
2023-08-31,precision-fermentation,C014
2023-08-31,precision-fermentation,C015
2023-08-31,precision-fermentation,C023
2023-08-31,precision-fermentation,C025
2023-08-31,precision-fermentation,C027
2023-08-31,precision-fermentation,C046
2023-08-31,precision-fermentation,C052
2023-08-31,precision-fermentation,C056
2023-08-31,precision-fermentation,C059
2023-08-31,precision-fermentation,C061
2023-08-31,precision-fermentation,C067
2023-08-31,precision-fermentation,C074
2023-08-31,precision-fermentation,C089
2023-08-31,precision-fermentation,C110
2023-08-31,precision-fermentation,C112
2023-08-31,quantum-sensing,C003
2023-08-31,quantum-sensing,C006
2023-08-31,quantum-sensing,C008
2023-08-31,quantum-sensing,C022
2023-08-31,quantum-sensing,C023
2023-08-31,quantum-sensing,C029
2023-08-31,quantum-sensing,C032
2023-08-31,quantum-sensing,C046
2023-08-31,quantum-sensing,C051
2023-08-31,quantum-sensing,C053
2023-08-31,quantum-sensing,C058
2023-08-31,quantum-sensing,C061
2023-08-31,quantum-sensing,C062
2023-08-31,quantum-sensing,C064
2023-08-31,quantum-sensing,C069
2023-08-31,quantum-sensing,C083
2023-08-31,quantum-sensing,C100
2023-08-31,quantum-sensing,C118
2023-09-30,edge-computing,C012
2023-09-30,edge-computing,C040
2023-09-30,edge-computing,C057
2023-09-30,edge-computing,C071
2023-09-30,edge-computing,C082
2023-09-30,edge-computing,C083
2023-09-30,edge-computing,C084
2023-09-30,edge-computing,C085
2023-09-30,edge-computing,C089
2023-09-30,edge-computing,C095
2023-09-30,edge-computing,C107
2023-09-30,edge-computing,C118
2023-09-30,grid-storage,C009
2023-09-30,grid-storage,C041
2023-09-30,grid-storage,C047
2023-09-30,grid-storage,C048
2023-09-30,grid-storage,C058
2023-09-30,grid-storage,C068
2023-09-30,grid-storage,C078
2023-09-30,grid-storage,C081
2023-09-30,grid-storage,C090
2023-09-30,grid-storage,C092
2023-09-30,grid-storage,C093
2023-09-30,grid-storage,C094
2023-09-30,grid-storage,C103
2023-09-30,industrial-explosives,C011
2023-09-30,industrial-explosives,C013
2023-09-30,industrial-explosives,C028
2023-09-30,industrial-explosives,C036
2023-09-30,industrial-explosives,C046
2023-09-30,industrial-explosives,C055
2023-09-30,industrial-explosives,C059
2023-09-30,industrial-explosives,C064
2023-09-30,industrial-explosives,C085
2023-09-30,industrial-explosives,C089
2023-09-30,industrial-explosives,C108
2023-09-30,industrial-explosives,C118
2023-09-30,lithium-mining,C008
2023-09-30,lithium-mining,C022
2023-09-30,lithium-mining,C024
2023-09-30,lithium-mining,C043
2023-09-30,lithium-mining,C045
2023-09-30,lithium-mining,C047
2023-09-30,lithium-mining,C054
2023-09-30,lithium-mining,C057
2023-09-30,lithium-mining,C076
2023-09-30,lithium-mining,C077
2023-09-30,lithium-mining,C079
2023-09-30,lithium-mining,C082
2023-09-30,lithium-mining,C098
2023-09-30,lithium-mining,C105
2023-09-30,precision-fermentation,C002
2023-09-30,precision-fermentation,C014
2023-09-30,precision-fermentation,C015
2023-09-30,precision-fermentation,C023
2023-09-30,precision-fermentation,C025
2023-09-30,precision-fermentation,C027
2023-09-30,precision-fermentation,C052
2023-09-30,precision-fermentation,C056
2023-09-30,precision-fermentation,C059
2023-09-30,precision-fermentation,C061
2023-09-30,precision-fermentation,C067
2023-09-30,precision-fermentation,C074
2023-09-30,precision-fermentation,C075
2023-09-30,precision-fermentation,C089
2023-09-30,precision-fermentation,C095
2023-09-30,precision-fermentation,C110
2023-09-30,precision-fermentation,C112
2023-09-30,quantum-sensing,C003
2023-09-30,quantum-sensing,C006
2023-09-30,quantum-sensing,C008
2023-09-30,quantum-sensing,C022
2023-09-30,quantum-sensing,C023
2023-09-30,quantum-sensing,C029
2023-09-30,quantum-sensing,C032
2023-09-30,quantum-sensing,C046
2023-09-30,quantum-sensing,C051
2023-09-30,quantum-sensing,C053
2023-09-30,quantum-sensing,C058
2023-09-30,quantum-sensing,C061
2023-09-30,quantum-sensing,C064
2023-09-30,quantum-sensing,C069
2023-09-30,quantum-sensing,C076
2023-09-30,quantum-sensing,C083
2023-09-30,quantum-sensing,C100
2023-09-30,quantum-sensing,C107
2023-09-30,quantum-sensing,C118
2023-10-31,edge-computing,C028
2023-10-31,edge-computing,C040
2023-10-31,edge-computing,C069
2023-10-31,edge-computing,C071
2023-10-31,edge-computing,C075
2023-10-31,edge-computing,C082
2023-10-31,edge-computing,C083
2023-10-31,edge-computing,C084
2023-10-31,edge-computing,C085
2023-10-31,edge-computing,C089
2023-10-31,edge-computing,C095
2023-10-31,edge-computing,C107
2023-10-31,edge-computing,C118
2023-10-31,grid-storage,C009
2023-10-31,grid-storage,C030
2023-10-31,grid-storage,C041
2023-10-31,grid-storage,C048
2023-10-31,grid-storage,C058
2023-10-31,grid-storage,C078
2023-10-31,grid-storage,C081
2023-10-31,grid-storage,C090
2023-10-31,grid-storage,C092
2023-10-31,grid-storage,C093
2023-10-31,grid-storage,C094
2023-10-31,grid-storage,C103
2023-10-31,grid-storage,C107
2023-10-31,grid-storage,C118
2023-10-31,industrial-explosives,C013
2023-10-31,industrial-explosives,C028
2023-10-31,industrial-explosives,C036
2023-10-31,industrial-explosives,C046
2023-10-31,industrial-explosives,C055
2023-10-31,industrial-explosives,C059
2023-10-31,industrial-explosives,C062
2023-10-31,industrial-explosives,C064
2023-10-31,industrial-explosives,C076
2023-10-31,industrial-explosives,C085
2023-10-31,industrial-explosives,C089
2023-10-31,industrial-explosives,C106
2023-10-31,industrial-explosives,C108
2023-10-31,industrial-explosives,C118
2023-10-31,lithium-mining,C008
2023-10-31,lithium-mining,C021
2023-10-31,lithium-mining,C022
2023-10-31,lithium-mining,C024
2023-10-31,lithium-mining,C043
2023-10-31,lithium-mining,C045
2023-10-31,lithium-mining,C047
2023-10-31,lithium-mining,C054
2023-10-31,lithium-mining,C057
2023-10-31,lithium-mining,C076
2023-10-31,lithium-mining,C077
2023-10-31,lithium-mining,C079
2023-10-31,lithium-mining,C082
2023-10-31,lithium-mining,C105
2023-10-31,precision-fermentation,C002
2023-10-31,precision-fermentation,C015
2023-10-31,precision-fermentation,C023
2023-10-31,precision-fermentation,C025
2023-10-31,precision-fermentation,C027
2023-10-31,precision-fermentation,C052
2023-10-31,precision-fermentation,C056
2023-10-31,precision-fermentation,C058
2023-10-31,precision-fermentation,C061
2023-10-31,precision-fermentation,C067
2023-10-31,precision-fermentation,C074
2023-10-31,precision-fermentation,C075
2023-10-31,precision-fermentation,C089
2023-10-31,precision-fermentation,C095
2023-10-31,precision-fermentation,C110
2023-10-31,precision-fermentation,C112
2023-10-31,quantum-sensing,C003
2023-10-31,quantum-sensing,C006
2023-10-31,quantum-sensing,C022
2023-10-31,quantum-sensing,C023
2023-10-31,quantum-sensing,C032
2023-10-31,quantum-sensing,C046
2023-10-31,quantum-sensing,C049
2023-10-31,quantum-sensing,C051
2023-10-31,quantum-sensing,C058
2023-10-31,quantum-sensing,C061
2023-10-31,quantum-sensing,C064
2023-10-31,quantum-sensing,C069
2023-10-31,quantum-sensing,C076
2023-10-31,quantum-sensing,C083
2023-10-31,quantum-sensing,C100
2023-10-31,quantum-sensing,C107
2023-10-31,quantum-sensing,C118
2023-11-30,edge-computing,C025
2023-11-30,edge-computing,C028
2023-11-30,edge-computing,C040
2023-11-30,edge-computing,C082
2023-11-30,edge-computing,C083
2023-11-30,edge-computing,C084
2023-11-30,edge-computing,C085
2023-11-30,edge-computing,C089
2023-11-30,edge-computing,C094
2023-11-30,edge-computing,C095
2023-11-30,edge-computing,C107
2023-11-30,edge-computing,C118
2023-11-30,grid-storage,C009
2023-11-30,grid-storage,C030
2023-11-30,grid-storage,C032
2023-11-30,grid-storage,C041
2023-11-30,grid-storage,C048
2023-11-30,grid-storage,C057
2023-11-30,grid-storage,C058
2023-11-30,grid-storage,C078
2023-11-30,grid-storage,C081
2023-11-30,grid-storage,C090
2023-11-30,grid-storage,C092
2023-11-30,grid-storage,C093
2023-11-30,grid-storage,C094
2023-11-30,grid-storage,C107
2023-11-30,grid-storage,C118
2023-11-30,industrial-explosives,C028
2023-11-30,industrial-explosives,C036
2023-11-30,industrial-explosives,C046
2023-11-30,industrial-explosives,C055
2023-11-30,industrial-explosives,C059
2023-11-30,industrial-explosives,C062
2023-11-30,industrial-explosives,C064
2023-11-30,industrial-explosives,C076
2023-11-30,industrial-explosives,C089
2023-11-30,industrial-explosives,C106
2023-11-30,industrial-explosives,C108
2023-11-30,industrial-explosives,C116
2023-11-30,industrial-explosives,C118
2023-11-30,lithium-mining,C005
2023-11-30,lithium-mining,C008
2023-11-30,lithium-mining,C021
2023-11-30,lithium-mining,C022
2023-11-30,lithium-mining,C024
2023-11-30,lithium-mining,C043
2023-11-30,lithium-mining,C047
2023-11-30,lithium-mining,C054
2023-11-30,lithium-mining,C057
2023-11-30,lithium-mining,C065
2023-11-30,lithium-mining,C077
2023-11-30,lithium-mining,C082
2023-11-30,lithium-mining,C105
2023-11-30,lithium-mining,C107
2023-11-30,precision-fermentation,C001
2023-11-30,precision-fermentation,C002
2023-11-30,precision-fermentation,C015
2023-11-30,precision-fermentation,C018
2023-11-30,precision-fermentation,C023
2023-11-30,precision-fermentation,C025
2023-11-30,precision-fermentation,C027
2023-11-30,precision-fermentation,C052
2023-11-30,precision-fermentation,C056
2023-11-30,precision-fermentation,C058
2023-11-30,precision-fermentation,C061
2023-11-30,precision-fermentation,C067
2023-11-30,precision-fermentation,C074
2023-11-30,precision-fermentation,C075
2023-11-30,precision-fermentation,C089
2023-11-30,precision-fermentation,C110
2023-11-30,precision-fermentation,C112
2023-11-30,quantum-sensing,C006
2023-11-30,quantum-sensing,C009
2023-11-30,quantum-sensing,C022
2023-11-30,quantum-sensing,C023
2023-11-30,quantum-sensing,C032
2023-11-30,quantum-sensing,C046
2023-11-30,quantum-sensing,C049
2023-11-30,quantum-sensing,C051
2023-11-30,quantum-sensing,C058
2023-11-30,quantum-sensing,C061
2023-11-30,quantum-sensing,C064
2023-11-30,quantum-sensing,C069
2023-11-30,quantum-sensing,C076
2023-11-30,quantum-sensing,C083
2023-11-30,quantum-sensing,C100
2023-11-30,quantum-sensing,C107
2023-11-30,quantum-sensing,C118
2023-12-31,edge-computing,C010
2023-12-31,edge-computing,C025
2023-12-31,edge-computing,C028
2023-12-31,edge-computing,C081
2023-12-31,edge-computing,C082
2023-12-31,edge-computing,C083
2023-12-31,edge-computing,C084
2023-12-31,edge-computing,C085
2023-12-31,edge-computing,C089
2023-12-31,edge-computing,C094
2023-12-31,edge-computing,C095
2023-12-31,edge-computing,C107
2023-12-31,edge-computing,C118
2023-12-31,grid-storage,C009
2023-12-31,grid-storage,C030
2023-12-31,grid-storage,C032
2023-12-31,grid-storage,C040
2023-12-31,grid-storage,C041
2023-12-31,grid-storage,C057
2023-12-31,grid-storage,C058
2023-12-31,grid-storage,C078
2023-12-31,grid-storage,C081
2023-12-31,grid-storage,C090
2023-12-31,grid-storage,C092
2023-12-31,grid-storage,C093
2023-12-31,grid-storage,C094
2023-12-31,grid-storage,C101
2023-12-31,grid-storage,C107
2023-12-31,grid-storage,C109
2023-12-31,industrial-explosives,C028
2023-12-31,industrial-explosives,C036
2023-12-31,industrial-explosives,C046
2023-12-31,industrial-explosives,C055
2023-12-31,industrial-explosives,C059
2023-12-31,industrial-explosives,C062
2023-12-31,industrial-explosives,C064
2023-12-31,industrial-explosives,C073
2023-12-31,industrial-explosives,C076
2023-12-31,industrial-explosives,C089
2023-12-31,industrial-explosives,C106
2023-12-31,industrial-explosives,C108
2023-12-31,lithium-mining,C005
2023-12-31,lithium-mining,C008
2023-12-31,lithium-mining,C017
2023-12-31,lithium-mining,C022
2023-12-31,lithium-mining,C024
2023-12-31,lithium-mining,C043
2023-12-31,lithium-mining,C047
2023-12-31,lithium-mining,C054
2023-12-31,lithium-mining,C057
2023-12-31,lithium-mining,C065
2023-12-31,lithium-mining,C077
2023-12-31,lithium-mining,C088
2023-12-31,lithium-mining,C092
2023-12-31,lithium-mining,C105
2023-12-31,lithium-mining,C107
2023-12-31,precision-fermentation,C001
2023-12-31,precision-fermentation,C012
2023-12-31,precision-fermentation,C015
2023-12-31,precision-fermentation,C018
2023-12-31,precision-fermentation,C023
2023-12-31,precision-fermentation,C025
2023-12-31,precision-fermentation,C027
2023-12-31,precision-fermentation,C044
2023-12-31,precision-fermentation,C056
2023-12-31,precision-fermentation,C058
2023-12-31,precision-fermentation,C061
2023-12-31,precision-fermentation,C067
2023-12-31,precision-fermentation,C071
2023-12-31,precision-fermentation,C074
2023-12-31,precision-fermentation,C075
2023-12-31,precision-fermentation,C089
2023-12-31,precision-fermentation,C112
2023-12-31,quantum-sensing,C006
2023-12-31,quantum-sensing,C009
2023-12-31,quantum-sensing,C022
2023-12-31,quantum-sensing,C023
2023-12-31,quantum-sensing,C046
2023-12-31,quantum-sensing,C049
2023-12-31,quantum-sensing,C051
2023-12-31,quantum-sensing,C052
2023-12-31,quantum-sensing,C058
2023-12-31,quantum-sensing,C061
2023-12-31,quantum-sensing,C076
2023-12-31,quantum-sensing,C083
2023-12-31,quantum-sensing,C100
2023-12-31,quantum-sensing,C107
2023-12-31,quantum-sensing,C118
2024-01-31,edge-computing,C010
2024-01-31,edge-computing,C028
2024-01-31,edge-computing,C081
2024-01-31,edge-computing,C082
2024-01-31,edge-computing,C083
2024-01-31,edge-computing,C085
2024-01-31,edge-computing,C089
2024-01-31,edge-computing,C094
2024-01-31,edge-computing,C107
2024-01-31,edge-computing,C109
2024-01-31,edge-computing,C118
2024-01-31,grid-storage,C009
2024-01-31,grid-storage,C030
2024-01-31,grid-storage,C041
2024-01-31,grid-storage,C057
2024-01-31,grid-storage,C058
2024-01-31,grid-storage,C081
2024-01-31,grid-storage,C085
2024-01-31,grid-storage,C090
2024-01-31,grid-storage,C092
2024-01-31,grid-storage,C093
2024-01-31,grid-storage,C094
2024-01-31,grid-storage,C101
2024-01-31,grid-storage,C107
2024-01-31,grid-storage,C109
2024-01-31,industrial-explosives,C028
2024-01-31,industrial-explosives,C036
2024-01-31,industrial-explosives,C046
2024-01-31,industrial-explosives,C055
2024-01-31,industrial-explosives,C059
2024-01-31,industrial-explosives,C062
2024-01-31,industrial-explosives,C076
2024-01-31,industrial-explosives,C089
2024-01-31,industrial-explosives,C100
2024-01-31,industrial-explosives,C106
2024-01-31,industrial-explosives,C108
2024-01-31,lithium-mining,C005
2024-01-31,lithium-mining,C008
2024-01-31,lithium-mining,C017
2024-01-31,lithium-mining,C022
2024-01-31,lithium-mining,C043
2024-01-31,lithium-mining,C047
2024-01-31,lithium-mining,C054
2024-01-31,lithium-mining,C057
2024-01-31,lithium-mining,C077
2024-01-31,lithium-mining,C078
2024-01-31,lithium-mining,C088
2024-01-31,lithium-mining,C092
2024-01-31,lithium-mining,C105
2024-01-31,lithium-mining,C107
2024-01-31,precision-fermentation,C001
2024-01-31,precision-fermentation,C012
2024-01-31,precision-fermentation,C018
2024-01-31,precision-fermentation,C025
2024-01-31,precision-fermentation,C027
2024-01-31,precision-fermentation,C034
2024-01-31,precision-fermentation,C044
2024-01-31,precision-fermentation,C047
2024-01-31,precision-fermentation,C056
2024-01-31,precision-fermentation,C058
2024-01-31,precision-fermentation,C061
2024-01-31,precision-fermentation,C067
2024-01-31,precision-fermentation,C071
2024-01-31,precision-fermentation,C074
2024-01-31,precision-fermentation,C075
2024-01-31,precision-fermentation,C089
2024-01-31,precision-fermentation,C108
2024-01-31,quantum-sensing,C006
2024-01-31,quantum-sensing,C022
2024-01-31,quantum-sensing,C023
2024-01-31,quantum-sensing,C046
2024-01-31,quantum-sensing,C049
2024-01-31,quantum-sensing,C051
2024-01-31,quantum-sensing,C052
2024-01-31,quantum-sensing,C058
2024-01-31,quantum-sensing,C061
2024-01-31,quantum-sensing,C076
2024-01-31,quantum-sensing,C083
2024-01-31,quantum-sensing,C085
2024-01-31,quantum-sensing,C100
2024-01-31,quantum-sensing,C107
2024-01-31,quantum-sensing,C118
2024-01-31,quantum-sensing,C119
2024-02-29,edge-computing,C017
2024-02-29,edge-computing,C028
2024-02-29,edge-computing,C081
2024-02-29,edge-computing,C082
2024-02-29,edge-computing,C083
2024-02-29,edge-computing,C085
2024-02-29,edge-computing,C089
2024-02-29,edge-computing,C092
2024-02-29,edge-computing,C094
2024-02-29,edge-computing,C107
2024-02-29,edge-computing,C109
2024-02-29,edge-computing,C118
2024-02-29,grid-storage,C009
2024-02-29,grid-storage,C029
2024-02-29,grid-storage,C030
2024-02-29,grid-storage,C041
2024-02-29,grid-storage,C057
2024-02-29,grid-storage,C071
2024-02-29,grid-storage,C072
2024-02-29,grid-storage,C081
2024-02-29,grid-storage,C090
2024-02-29,grid-storage,C092
2024-02-29,grid-storage,C093
2024-02-29,grid-storage,C094
2024-02-29,grid-storage,C107
2024-02-29,grid-storage,C109
2024-02-29,industrial-explosives,C022
2024-02-29,industrial-explosives,C028
2024-02-29,industrial-explosives,C036
2024-02-29,industrial-explosives,C046
2024-02-29,industrial-explosives,C052
2024-02-29,industrial-explosives,C055
2024-02-29,industrial-explosives,C059
2024-02-29,industrial-explosives,C062
2024-02-29,industrial-explosives,C076
2024-02-29,industrial-explosives,C089
2024-02-29,industrial-explosives,C106
2024-02-29,industrial-explosives,C108
2024-02-29,lithium-mining,C005
2024-02-29,lithium-mining,C008
2024-02-29,lithium-mining,C010
2024-02-29,lithium-mining,C017
2024-02-29,lithium-mining,C020
2024-02-29,lithium-mining,C022
2024-02-29,lithium-mining,C037
2024-02-29,lithium-mining,C043
2024-02-29,lithium-mining,C047
2024-02-29,lithium-mining,C054
2024-02-29,lithium-mining,C057
2024-02-29,lithium-mining,C077
2024-02-29,lithium-mining,C078
2024-02-29,lithium-mining,C092
2024-02-29,lithium-mining,C105
2024-02-29,lithium-mining,C107
2024-02-29,precision-fermentation,C001
2024-02-29,precision-fermentation,C012
2024-02-29,precision-fermentation,C027
2024-02-29,precision-fermentation,C034
2024-02-29,precision-fermentation,C044
2024-02-29,precision-fermentation,C047
2024-02-29,precision-fermentation,C056
2024-02-29,precision-fermentation,C058
2024-02-29,precision-fermentation,C061
2024-02-29,precision-fermentation,C067
2024-02-29,precision-fermentation,C071
2024-02-29,precision-fermentation,C074
2024-02-29,precision-fermentation,C075
2024-02-29,precision-fermentation,C089
2024-02-29,precision-fermentation,C097
2024-02-29,quantum-sensing,C006
2024-02-29,quantum-sensing,C022
2024-02-29,quantum-sensing,C023
2024-02-29,quantum-sensing,C049
2024-02-29,quantum-sensing,C051
2024-02-29,quantum-sensing,C053
2024-02-29,quantum-sensing,C058
2024-02-29,quantum-sensing,C061
2024-02-29,quantum-sensing,C064
2024-02-29,quantum-sensing,C076
2024-02-29,quantum-sensing,C083
2024-02-29,quantum-sensing,C085
2024-02-29,quantum-sensing,C098
2024-02-29,quantum-sensing,C100
2024-02-29,quantum-sensing,C118
2024-02-29,quantum-sensing,C119
2024-03-31,edge-computing,C017
2024-03-31,edge-computing,C028
2024-03-31,edge-computing,C030
2024-03-31,edge-computing,C081
2024-03-31,edge-computing,C082
2024-03-31,edge-computing,C083
2024-03-31,edge-computing,C084
2024-03-31,edge-computing,C085
2024-03-31,edge-computing,C088
2024-03-31,edge-computing,C089
2024-03-31,edge-computing,C092
2024-03-31,edge-computing,C094
2024-03-31,edge-computing,C107
2024-03-31,grid-storage,C009
2024-03-31,grid-storage,C029
2024-03-31,grid-storage,C030
2024-03-31,grid-storage,C041
2024-03-31,grid-storage,C057
2024-03-31,grid-storage,C071
2024-03-31,grid-storage,C075
2024-03-31,grid-storage,C081
2024-03-31,grid-storage,C090
2024-03-31,grid-storage,C092
2024-03-31,grid-storage,C093
2024-03-31,grid-storage,C094
2024-03-31,grid-storage,C107
2024-03-31,grid-storage,C109
2024-03-31,industrial-explosives,C028
2024-03-31,industrial-explosives,C036
2024-03-31,industrial-explosives,C046
2024-03-31,industrial-explosives,C052
2024-03-31,industrial-explosives,C055
2024-03-31,industrial-explosives,C059
2024-03-31,industrial-explosives,C062
2024-03-31,industrial-explosives,C076
2024-03-31,industrial-explosives,C089
2024-03-31,industrial-explosives,C090
2024-03-31,industrial-explosives,C106
2024-03-31,industrial-explosives,C108
2024-03-31,lithium-mining,C005
2024-03-31,lithium-mining,C006
2024-03-31,lithium-mining,C007
2024-03-31,lithium-mining,C008
2024-03-31,lithium-mining,C010
2024-03-31,lithium-mining,C017
2024-03-31,lithium-mining,C020
2024-03-31,lithium-mining,C022
2024-03-31,lithium-mining,C043
2024-03-31,lithium-mining,C054
2024-03-31,lithium-mining,C057
2024-03-31,lithium-mining,C077
2024-03-31,lithium-mining,C078
2024-03-31,lithium-mining,C092
2024-03-31,lithium-mining,C095
2024-03-31,lithium-mining,C105
2024-03-31,lithium-mining,C107
2024-03-31,precision-fermentation,C001
2024-03-31,precision-fermentation,C004
2024-03-31,precision-fermentation,C012
2024-03-31,precision-fermentation,C027
2024-03-31,precision-fermentation,C044
2024-03-31,precision-fermentation,C047
2024-03-31,precision-fermentation,C056
2024-03-31,precision-fermentation,C058
2024-03-31,precision-fermentation,C067
2024-03-31,precision-fermentation,C071
2024-03-31,precision-fermentation,C074
2024-03-31,precision-fermentation,C075
2024-03-31,precision-fermentation,C088
2024-03-31,precision-fermentation,C089
2024-03-31,quantum-sensing,C006
2024-03-31,quantum-sensing,C021
2024-03-31,quantum-sensing,C022
2024-03-31,quantum-sensing,C049
2024-03-31,quantum-sensing,C051
2024-03-31,quantum-sensing,C053
2024-03-31,quantum-sensing,C058
2024-03-31,quantum-sensing,C061
2024-03-31,quantum-sensing,C064
2024-03-31,quantum-sensing,C076
2024-03-31,quantum-sensing,C085
2024-03-31,quantum-sensing,C098
2024-03-31,quantum-sensing,C100
2024-03-31,quantum-sensing,C119
2024-04-30,edge-computing,C028
2024-04-30,edge-computing,C030
2024-04-30,edge-computing,C032
2024-04-30,edge-computing,C062
2024-04-30,edge-computing,C081
2024-04-30,edge-computing,C083
2024-04-30,edge-computing,C084
2024-04-30,edge-computing,C088
2024-04-30,edge-computing,C089
2024-04-30,edge-computing,C092
2024-04-30,edge-computing,C094
2024-04-30,edge-computing,C107
2024-04-30,grid-storage,C001
2024-04-30,grid-storage,C009
2024-04-30,grid-storage,C030
2024-04-30,grid-storage,C041
2024-04-30,grid-storage,C057
2024-04-30,grid-storage,C071
2024-04-30,grid-storage,C075
2024-04-30,grid-storage,C081
2024-04-30,grid-storage,C090
2024-04-30,grid-storage,C092
2024-04-30,grid-storage,C093
2024-04-30,grid-storage,C094
2024-04-30,grid-storage,C096
2024-04-30,grid-storage,C107
2024-04-30,grid-storage,C109
2024-04-30,grid-storage,C111
2024-04-30,industrial-explosives,C028
2024-04-30,industrial-explosives,C036
2024-04-30,industrial-explosives,C040
2024-04-30,industrial-explosives,C046
2024-04-30,industrial-explosives,C052
2024-04-30,industrial-explosives,C055
2024-04-30,industrial-explosives,C062
2024-04-30,industrial-explosives,C076
2024-04-30,industrial-explosives,C089
2024-04-30,industrial-explosives,C090
2024-04-30,industrial-explosives,C092
2024-04-30,industrial-explosives,C106
2024-04-30,industrial-explosives,C108
2024-04-30,industrial-explosives,C117
2024-04-30,lithium-mining,C005
2024-04-30,lithium-mining,C006
2024-04-30,lithium-mining,C007
2024-04-30,lithium-mining,C008
2024-04-30,lithium-mining,C010
2024-04-30,lithium-mining,C017
2024-04-30,lithium-mining,C019
2024-04-30,lithium-mining,C020
2024-04-30,lithium-mining,C043
2024-04-30,lithium-mining,C054
2024-04-30,lithium-mining,C057
2024-04-30,lithium-mining,C077
2024-04-30,lithium-mining,C092
2024-04-30,lithium-mining,C095
2024-04-30,lithium-mining,C103
2024-04-30,lithium-mining,C105
2024-04-30,lithium-mining,C107
2024-04-30,precision-fermentation,C001
2024-04-30,precision-fermentation,C027
2024-04-30,precision-fermentation,C044
2024-04-30,precision-fermentation,C047
2024-04-30,precision-fermentation,C049
2024-04-30,precision-fermentation,C056
2024-04-30,precision-fermentation,C058
2024-04-30,precision-fermentation,C067
2024-04-30,precision-fermentation,C071
2024-04-30,precision-fermentation,C074
2024-04-30,precision-fermentation,C075
2024-04-30,precision-fermentation,C088
2024-04-30,precision-fermentation,C089
2024-04-30,quantum-sensing,C006
2024-04-30,quantum-sensing,C021
2024-04-30,quantum-sensing,C022
2024-04-30,quantum-sensing,C031
2024-04-30,quantum-sensing,C048
2024-04-30,quantum-sensing,C053
2024-04-30,quantum-sensing,C058
2024-04-30,quantum-sensing,C061
2024-04-30,quantum-sensing,C064
2024-04-30,quantum-sensing,C076
2024-04-30,quantum-sensing,C085
2024-04-30,quantum-sensing,C098
2024-04-30,quantum-sensing,C100
2024-04-30,quantum-sensing,C119
2024-05-31,edge-computing,C030
2024-05-31,edge-computing,C032
2024-05-31,edge-computing,C062
2024-05-31,edge-computing,C064
2024-05-31,edge-computing,C081
2024-05-31,edge-computing,C083
2024-05-31,edge-computing,C084
2024-05-31,edge-computing,C088
2024-05-31,edge-computing,C089
2024-05-31,edge-computing,C094
2024-05-31,edge-computing,C107
2024-05-31,grid-storage,C001
2024-05-31,grid-storage,C024
2024-05-31,grid-storage,C030
2024-05-31,grid-storage,C041
2024-05-31,grid-storage,C057
2024-05-31,grid-storage,C071
2024-05-31,grid-storage,C075
2024-05-31,grid-storage,C081
2024-05-31,grid-storage,C092
2024-05-31,grid-storage,C093
2024-05-31,grid-storage,C094
2024-05-31,grid-storage,C096
2024-05-31,grid-storage,C107
2024-05-31,grid-storage,C109
2024-05-31,grid-storage,C111
2024-05-31,industrial-explosives,C020
2024-05-31,industrial-explosives,C028
2024-05-31,industrial-explosives,C036
2024-05-31,industrial-explosives,C040
2024-05-31,industrial-explosives,C046
2024-05-31,industrial-explosives,C052
2024-05-31,industrial-explosives,C055
2024-05-31,industrial-explosives,C062
2024-05-31,industrial-explosives,C076
2024-05-31,industrial-explosives,C089
2024-05-31,industrial-explosives,C090
2024-05-31,industrial-explosives,C092
2024-05-31,industrial-explosives,C106
2024-05-31,industrial-explosives,C108
2024-05-31,lithium-mining,C005
2024-05-31,lithium-mining,C006
2024-05-31,lithium-mining,C007
2024-05-31,lithium-mining,C008
2024-05-31,lithium-mining,C010
2024-05-31,lithium-mining,C017
2024-05-31,lithium-mining,C019
2024-05-31,lithium-mining,C020
2024-05-31,lithium-mining,C043
2024-05-31,lithium-mining,C054
2024-05-31,lithium-mining,C057
2024-05-31,lithium-mining,C079
2024-05-31,lithium-mining,C084
2024-05-31,lithium-mining,C086
2024-05-31,lithium-mining,C092
2024-05-31,lithium-mining,C095
2024-05-31,lithium-mining,C103
2024-05-31,lithium-mining,C105
2024-05-31,lithium-mining,C107
2024-05-31,precision-fermentation,C001
2024-05-31,precision-fermentation,C027
2024-05-31,precision-fermentation,C044
2024-05-31,precision-fermentation,C049
2024-05-31,precision-fermentation,C056
2024-05-31,precision-fermentation,C058
2024-05-31,precision-fermentation,C067
2024-05-31,precision-fermentation,C071
2024-05-31,precision-fermentation,C074
2024-05-31,precision-fermentation,C075
2024-05-31,precision-fermentation,C082
2024-05-31,precision-fermentation,C088
2024-05-31,precision-fermentation,C089
2024-05-31,precision-fermentation,C107
2024-05-31,precision-fermentation,C114
2024-05-31,quantum-sensing,C002
2024-05-31,quantum-sensing,C006
2024-05-31,quantum-sensing,C017
2024-05-31,quantum-sensing,C019
2024-05-31,quantum-sensing,C021
2024-05-31,quantum-sensing,C022
2024-05-31,quantum-sensing,C031
2024-05-31,quantum-sensing,C048
2024-05-31,quantum-sensing,C053
2024-05-31,quantum-sensing,C058
2024-05-31,quantum-sensing,C061
2024-05-31,quantum-sensing,C064
2024-05-31,quantum-sensing,C085
2024-05-31,quantum-sensing,C098
2024-05-31,quantum-sensing,C100
2024-05-31,quantum-sensing,C119
2024-06-30,edge-computing,C032
2024-06-30,edge-computing,C062
2024-06-30,edge-computing,C064
2024-06-30,edge-computing,C077
2024-06-30,edge-computing,C083
2024-06-30,edge-computing,C084
2024-06-30,edge-computing,C088
2024-06-30,edge-computing,C089
2024-06-30,edge-computing,C094
2024-06-30,edge-computing,C097
2024-06-30,edge-computing,C107
2024-06-30,edge-computing,C113
2024-06-30,grid-storage,C001
2024-06-30,grid-storage,C024
2024-06-30,grid-storage,C030
2024-06-30,grid-storage,C038
2024-06-30,grid-storage,C041
2024-06-30,grid-storage,C045
2024-06-30,grid-storage,C054
2024-06-30,grid-storage,C057
2024-06-30,grid-storage,C075
2024-06-30,grid-storage,C081
2024-06-30,grid-storage,C092
2024-06-30,grid-storage,C093
2024-06-30,grid-storage,C094
2024-06-30,grid-storage,C096
2024-06-30,grid-storage,C107
2024-06-30,grid-storage,C109
2024-06-30,industrial-explosives,C024
2024-06-30,industrial-explosives,C028
2024-06-30,industrial-explosives,C036
2024-06-30,industrial-explosives,C040
2024-06-30,industrial-explosives,C046
2024-06-30,industrial-explosives,C055
2024-06-30,industrial-explosives,C062
2024-06-30,industrial-explosives,C089
2024-06-30,industrial-explosives,C090
2024-06-30,industrial-explosives,C092
2024-06-30,industrial-explosives,C106
2024-06-30,industrial-explosives,C108
2024-06-30,lithium-mining,C005
2024-06-30,lithium-mining,C006
2024-06-30,lithium-mining,C007
2024-06-30,lithium-mining,C008
2024-06-30,lithium-mining,C010
2024-06-30,lithium-mining,C017
2024-06-30,lithium-mining,C019
2024-06-30,lithium-mining,C020
2024-06-30,lithium-mining,C029
2024-06-30,lithium-mining,C043
2024-06-30,lithium-mining,C054
2024-06-30,lithium-mining,C057
2024-06-30,lithium-mining,C058
2024-06-30,lithium-mining,C079
2024-06-30,lithium-mining,C084
2024-06-30,lithium-mining,C086
2024-06-30,lithium-mining,C092
2024-06-30,lithium-mining,C095
2024-06-30,lithium-mining,C103
2024-06-30,lithium-mining,C107
2024-06-30,precision-fermentation,C001
2024-06-30,precision-fermentation,C043
2024-06-30,precision-fermentation,C044
2024-06-30,precision-fermentation,C049
2024-06-30,precision-fermentation,C055
2024-06-30,precision-fermentation,C056
2024-06-30,precision-fermentation,C058
2024-06-30,precision-fermentation,C067
2024-06-30,precision-fermentation,C071
2024-06-30,precision-fermentation,C074
2024-06-30,precision-fermentation,C075
2024-06-30,precision-fermentation,C088
2024-06-30,precision-fermentation,C089
2024-06-30,precision-fermentation,C114
2024-06-30,quantum-sensing,C002
2024-06-30,quantum-sensing,C006
2024-06-30,quantum-sensing,C017
2024-06-30,quantum-sensing,C019
2024-06-30,quantum-sensing,C021
2024-06-30,quantum-sensing,C031
2024-06-30,quantum-sensing,C048
2024-06-30,quantum-sensing,C050
2024-06-30,quantum-sensing,C053
2024-06-30,quantum-sensing,C058
2024-06-30,quantum-sensing,C061
2024-06-30,quantum-sensing,C064
2024-06-30,quantum-sensing,C078
2024-06-30,quantum-sensing,C085
2024-06-30,quantum-sensing,C098
2024-06-30,quantum-sensing,C100
2024-06-30,quantum-sensing,C111
2024-06-30,quantum-sensing,C119
2024-07-31,edge-computing,C032
2024-07-31,edge-computing,C033
2024-07-31,edge-computing,C062
2024-07-31,edge-computing,C064
2024-07-31,edge-computing,C068
2024-07-31,edge-computing,C077
2024-07-31,edge-computing,C083
2024-07-31,edge-computing,C084
2024-07-31,edge-computing,C088
2024-07-31,edge-computing,C089
2024-07-31,edge-computing,C094
2024-07-31,edge-computing,C107
2024-07-31,edge-computing,C113
2024-07-31,grid-storage,C022
2024-07-31,grid-storage,C024
2024-07-31,grid-storage,C030
2024-07-31,grid-storage,C038
2024-07-31,grid-storage,C041
2024-07-31,grid-storage,C045
2024-07-31,grid-storage,C054
2024-07-31,grid-storage,C057
2024-07-31,grid-storage,C071
2024-07-31,grid-storage,C075
2024-07-31,grid-storage,C078
2024-07-31,grid-storage,C081
2024-07-31,grid-storage,C092
2024-07-31,grid-storage,C094
2024-07-31,grid-storage,C096
2024-07-31,grid-storage,C107
2024-07-31,industrial-explosives,C009
2024-07-31,industrial-explosives,C024
2024-07-31,industrial-explosives,C028
2024-07-31,industrial-explosives,C036
2024-07-31,industrial-explosives,C046
2024-07-31,industrial-explosives,C055
2024-07-31,industrial-explosives,C062
2024-07-31,industrial-explosives,C089
2024-07-31,industrial-explosives,C090
2024-07-31,industrial-explosives,C092
2024-07-31,industrial-explosives,C106
2024-07-31,industrial-explosives,C108
2024-07-31,lithium-mining,C004
2024-07-31,lithium-mining,C005
2024-07-31,lithium-mining,C006
2024-07-31,lithium-mining,C007
2024-07-31,lithium-mining,C008
2024-07-31,lithium-mining,C010
2024-07-31,lithium-mining,C019
2024-07-31,lithium-mining,C020
2024-07-31,lithium-mining,C026
2024-07-31,lithium-mining,C029
2024-07-31,lithium-mining,C043
2024-07-31,lithium-mining,C047
2024-07-31,lithium-mining,C054
2024-07-31,lithium-mining,C057
2024-07-31,lithium-mining,C058
2024-07-31,lithium-mining,C079
2024-07-31,lithium-mining,C084
2024-07-31,lithium-mining,C086
2024-07-31,lithium-mining,C092
2024-07-31,lithium-mining,C095
2024-07-31,lithium-mining,C103
2024-07-31,lithium-mining,C107
2024-07-31,precision-fermentation,C001
2024-07-31,precision-fermentation,C024
2024-07-31,precision-fermentation,C043
2024-07-31,precision-fermentation,C044
2024-07-31,precision-fermentation,C049
2024-07-31,precision-fermentation,C056
2024-07-31,precision-fermentation,C058
2024-07-31,precision-fermentation,C067
2024-07-31,precision-fermentation,C069
2024-07-31,precision-fermentation,C071
2024-07-31,precision-fermentation,C074
2024-07-31,precision-fermentation,C075
2024-07-31,precision-fermentation,C086
2024-07-31,precision-fermentation,C088
2024-07-31,precision-fermentation,C089
2024-07-31,precision-fermentation,C114
2024-07-31,quantum-sensing,C002
2024-07-31,quantum-sensing,C006
2024-07-31,quantum-sensing,C019
2024-07-31,quantum-sensing,C021
2024-07-31,quantum-sensing,C031
2024-07-31,quantum-sensing,C048
2024-07-31,quantum-sensing,C050
2024-07-31,quantum-sensing,C052
2024-07-31,quantum-sensing,C053
2024-07-31,quantum-sensing,C058
2024-07-31,quantum-sensing,C061
2024-07-31,quantum-sensing,C078
2024-07-31,quantum-sensing,C085
2024-07-31,quantum-sensing,C098
2024-07-31,quantum-sensing,C100
2024-07-31,quantum-sensing,C111
2024-07-31,quantum-sensing,C119
2024-08-31,edge-computing,C019
2024-08-31,edge-computing,C032
2024-08-31,edge-computing,C033
2024-08-31,edge-computing,C064
2024-08-31,edge-computing,C077
2024-08-31,edge-computing,C083
2024-08-31,edge-computing,C088
2024-08-31,edge-computing,C089
2024-08-31,edge-computing,C090
2024-08-31,edge-computing,C094
2024-08-31,edge-computing,C107
2024-08-31,edge-computing,C113
2024-08-31,edge-computing,C115
2024-08-31,grid-storage,C022
2024-08-31,grid-storage,C024
2024-08-31,grid-storage,C030
2024-08-31,grid-storage,C038
2024-08-31,grid-storage,C041
2024-08-31,grid-storage,C042
2024-08-31,grid-storage,C045
2024-08-31,grid-storage,C054
2024-08-31,grid-storage,C071
2024-08-31,grid-storage,C075
2024-08-31,grid-storage,C081
2024-08-31,grid-storage,C092
2024-08-31,grid-storage,C094
2024-08-31,grid-storage,C096
2024-08-31,grid-storage,C107
2024-08-31,grid-storage,C111
2024-08-31,industrial-explosives,C009
2024-08-31,industrial-explosives,C028
2024-08-31,industrial-explosives,C036
2024-08-31,industrial-explosives,C046
2024-08-31,industrial-explosives,C055
2024-08-31,industrial-explosives,C062
2024-08-31,industrial-explosives,C081
2024-08-31,industrial-explosives,C089
2024-08-31,industrial-explosives,C090
2024-08-31,industrial-explosives,C092
2024-08-31,industrial-explosives,C106
2024-08-31,industrial-explosives,C108
2024-08-31,lithium-mining,C004
2024-08-31,lithium-mining,C005
2024-08-31,lithium-mining,C006
2024-08-31,lithium-mining,C007
2024-08-31,lithium-mining,C008
2024-08-31,lithium-mining,C010
2024-08-31,lithium-mining,C014
2024-08-31,lithium-mining,C019
2024-08-31,lithium-mining,C020
2024-08-31,lithium-mining,C026
2024-08-31,lithium-mining,C029
2024-08-31,lithium-mining,C047
2024-08-31,lithium-mining,C054
2024-08-31,lithium-mining,C057
2024-08-31,lithium-mining,C058
2024-08-31,lithium-mining,C068
2024-08-31,lithium-mining,C079
2024-08-31,lithium-mining,C084
2024-08-31,lithium-mining,C086
2024-08-31,lithium-mining,C092
2024-08-31,lithium-mining,C095
2024-08-31,lithium-mining,C096
2024-08-31,lithium-mining,C107
2024-08-31,precision-fermentation,C001
2024-08-31,precision-fermentation,C017
2024-08-31,precision-fermentation,C024
2024-08-31,precision-fermentation,C043
2024-08-31,precision-fermentation,C044
2024-08-31,precision-fermentation,C049
2024-08-31,precision-fermentation,C051
2024-08-31,precision-fermentation,C056
2024-08-31,precision-fermentation,C067
2024-08-31,precision-fermentation,C069
2024-08-31,precision-fermentation,C071
2024-08-31,precision-fermentation,C074
2024-08-31,precision-fermentation,C086
2024-08-31,precision-fermentation,C088
2024-08-31,precision-fermentation,C089
2024-08-31,precision-fermentation,C114
2024-08-31,precision-fermentation,C120
2024-08-31,quantum-sensing,C002
2024-08-31,quantum-sensing,C017
2024-08-31,quantum-sensing,C019
2024-08-31,quantum-sensing,C021
2024-08-31,quantum-sensing,C031
2024-08-31,quantum-sensing,C035
2024-08-31,quantum-sensing,C048
2024-08-31,quantum-sensing,C050
2024-08-31,quantum-sensing,C052
2024-08-31,quantum-sensing,C053
2024-08-31,quantum-sensing,C058
2024-08-31,quantum-sensing,C078
2024-08-31,quantum-sensing,C085
2024-08-31,quantum-sensing,C098
2024-08-31,quantum-sensing,C100
2024-08-31,quantum-sensing,C107
2024-08-31,quantum-sensing,C111
2024-09-30,edge-computing,C032
2024-09-30,edge-computing,C033
2024-09-30,edge-computing,C062
2024-09-30,edge-computing,C077
2024-09-30,edge-computing,C083
2024-09-30,edge-computing,C088
2024-09-30,edge-computing,C089
2024-09-30,edge-computing,C090
2024-09-30,edge-computing,C094
2024-09-30,edge-computing,C101
2024-09-30,edge-computing,C113
2024-09-30,edge-computing,C115
2024-09-30,edge-computing,C119
2024-09-30,grid-storage,C022
2024-09-30,grid-storage,C024
2024-09-30,grid-storage,C028
2024-09-30,grid-storage,C030
2024-09-30,grid-storage,C038
2024-09-30,grid-storage,C041
2024-09-30,grid-storage,C045
2024-09-30,grid-storage,C054
2024-09-30,grid-storage,C071
2024-09-30,grid-storage,C075
2024-09-30,grid-storage,C077
2024-09-30,grid-storage,C081
2024-09-30,grid-storage,C092
2024-09-30,grid-storage,C094
2024-09-30,grid-storage,C096
2024-09-30,grid-storage,C106
2024-09-30,grid-storage,C111
2024-09-30,industrial-explosives,C028
2024-09-30,industrial-explosives,C036
2024-09-30,industrial-explosives,C046
2024-09-30,industrial-explosives,C055
2024-09-30,industrial-explosives,C062
2024-09-30,industrial-explosives,C072
2024-09-30,industrial-explosives,C081
2024-09-30,industrial-explosives,C089
2024-09-30,industrial-explosives,C090
2024-09-30,industrial-explosives,C106
2024-09-30,industrial-explosives,C108
2024-09-30,lithium-mining,C002
2024-09-30,lithium-mining,C004
2024-09-30,lithium-mining,C005
2024-09-30,lithium-mining,C006
2024-09-30,lithium-mining,C007
2024-09-30,lithium-mining,C008
2024-09-30,lithium-mining,C010
2024-09-30,lithium-mining,C014
2024-09-30,lithium-mining,C019
2024-09-30,lithium-mining,C020
2024-09-30,lithium-mining,C026
2024-09-30,lithium-mining,C029
2024-09-30,lithium-mining,C042
2024-09-30,lithium-mining,C047
2024-09-30,lithium-mining,C054
2024-09-30,lithium-mining,C057
2024-09-30,lithium-mining,C058
2024-09-30,lithium-mining,C068
2024-09-30,lithium-mining,C079
2024-09-30,lithium-mining,C081
2024-09-30,lithium-mining,C084
2024-09-30,lithium-mining,C086
2024-09-30,lithium-mining,C092
2024-09-30,lithium-mining,C096
2024-09-30,lithium-mining,C107
2024-09-30,precision-fermentation,C017
2024-09-30,precision-fermentation,C024
2024-09-30,precision-fermentation,C043
2024-09-30,precision-fermentation,C044
2024-09-30,precision-fermentation,C049
2024-09-30,precision-fermentation,C051
2024-09-30,precision-fermentation,C067
2024-09-30,precision-fermentation,C069
2024-09-30,precision-fermentation,C071
2024-09-30,precision-fermentation,C074
2024-09-30,precision-fermentation,C086
2024-09-30,precision-fermentation,C088
2024-09-30,precision-fermentation,C114
2024-09-30,precision-fermentation,C119
2024-09-30,precision-fermentation,C120
2024-09-30,quantum-sensing,C002
2024-09-30,quantum-sensing,C017
2024-09-30,quantum-sensing,C021
2024-09-30,quantum-sensing,C031
2024-09-30,quantum-sensing,C035
2024-09-30,quantum-sensing,C048
2024-09-30,quantum-sensing,C050
2024-09-30,quantum-sensing,C052
2024-09-30,quantum-sensing,C053
2024-09-30,quantum-sensing,C058
2024-09-30,quantum-sensing,C064
2024-09-30,quantum-sensing,C078
2024-09-30,quantum-sensing,C085
2024-09-30,quantum-sensing,C098
2024-09-30,quantum-sensing,C100
2024-09-30,quantum-sensing,C107
2024-09-30,quantum-sensing,C111
2024-10-31,edge-computing,C024
2024-10-31,edge-computing,C032
2024-10-31,edge-computing,C033
2024-10-31,edge-computing,C054
2024-10-31,edge-computing,C062
2024-10-31,edge-computing,C077
2024-10-31,edge-computing,C088
2024-10-31,edge-computing,C090
2024-10-31,edge-computing,C094
2024-10-31,edge-computing,C096
2024-10-31,edge-computing,C101
2024-10-31,edge-computing,C113
2024-10-31,edge-computing,C115
2024-10-31,edge-computing,C119
2024-10-31,grid-storage,C007
2024-10-31,grid-storage,C024
2024-10-31,grid-storage,C028
2024-10-31,grid-storage,C030
2024-10-31,grid-storage,C038
2024-10-31,grid-storage,C041
2024-10-31,grid-storage,C045
2024-10-31,grid-storage,C054
2024-10-31,grid-storage,C071
2024-10-31,grid-storage,C075
2024-10-31,grid-storage,C077
2024-10-31,grid-storage,C081
2024-10-31,grid-storage,C092
2024-10-31,grid-storage,C094
2024-10-31,grid-storage,C106
2024-10-31,grid-storage,C111
2024-10-31,industrial-explosives,C028
2024-10-31,industrial-explosives,C036
2024-10-31,industrial-explosives,C046
2024-10-31,industrial-explosives,C055
2024-10-31,industrial-explosives,C062
2024-10-31,industrial-explosives,C081
2024-10-31,industrial-explosives,C090
2024-10-31,industrial-explosives,C106
2024-10-31,industrial-explosives,C108
2024-10-31,industrial-explosives,C120
2024-10-31,lithium-mining,C002
2024-10-31,lithium-mining,C004
2024-10-31,lithium-mining,C005
2024-10-31,lithium-mining,C006
2024-10-31,lithium-mining,C007
2024-10-31,lithium-mining,C010
2024-10-31,lithium-mining,C020
2024-10-31,lithium-mining,C026
2024-10-31,lithium-mining,C029
2024-10-31,lithium-mining,C033
2024-10-31,lithium-mining,C042
2024-10-31,lithium-mining,C047
2024-10-31,lithium-mining,C054
2024-10-31,lithium-mining,C057
2024-10-31,lithium-mining,C058
2024-10-31,lithium-mining,C068
2024-10-31,lithium-mining,C079
2024-10-31,lithium-mining,C081
2024-10-31,lithium-mining,C084
2024-10-31,lithium-mining,C086
2024-10-31,lithium-mining,C092
2024-10-31,lithium-mining,C096
2024-10-31,lithium-mining,C107
2024-10-31,precision-fermentation,C017
2024-10-31,precision-fermentation,C024
2024-10-31,precision-fermentation,C026
2024-10-31,precision-fermentation,C043
2024-10-31,precision-fermentation,C044
2024-10-31,precision-fermentation,C048
2024-10-31,precision-fermentation,C049
2024-10-31,precision-fermentation,C067
2024-10-31,precision-fermentation,C069
2024-10-31,precision-fermentation,C074
2024-10-31,precision-fermentation,C086
2024-10-31,precision-fermentation,C088
2024-10-31,precision-fermentation,C119
2024-10-31,precision-fermentation,C120
2024-10-31,quantum-sensing,C002
2024-10-31,quantum-sensing,C017
2024-10-31,quantum-sensing,C021
2024-10-31,quantum-sensing,C031
2024-10-31,quantum-sensing,C032
2024-10-31,quantum-sensing,C035
2024-10-31,quantum-sensing,C052
2024-10-31,quantum-sensing,C053
2024-10-31,quantum-sensing,C058
2024-10-31,quantum-sensing,C064
2024-10-31,quantum-sensing,C078
2024-10-31,quantum-sensing,C085
2024-10-31,quantum-sensing,C098
2024-10-31,quantum-sensing,C100
2024-10-31,quantum-sensing,C107
2024-10-31,quantum-sensing,C111
2024-11-30,edge-computing,C024
2024-11-30,edge-computing,C032
2024-11-30,edge-computing,C033
2024-11-30,edge-computing,C039
2024-11-30,edge-computing,C054
2024-11-30,edge-computing,C055
2024-11-30,edge-computing,C088
2024-11-30,edge-computing,C090
2024-11-30,edge-computing,C094
2024-11-30,edge-computing,C096
2024-11-30,edge-computing,C101
2024-11-30,edge-computing,C105
2024-11-30,edge-computing,C115
2024-11-30,edge-computing,C119
2024-11-30,grid-storage,C007
2024-11-30,grid-storage,C010
2024-11-30,grid-storage,C028
2024-11-30,grid-storage,C030
2024-11-30,grid-storage,C038
2024-11-30,grid-storage,C041
2024-11-30,grid-storage,C045
2024-11-30,grid-storage,C048
2024-11-30,grid-storage,C054
2024-11-30,grid-storage,C071
2024-11-30,grid-storage,C075
2024-11-30,grid-storage,C077
2024-11-30,grid-storage,C081
2024-11-30,grid-storage,C092
2024-11-30,grid-storage,C094
2024-11-30,grid-storage,C106
2024-11-30,grid-storage,C111
2024-11-30,industrial-explosives,C028
2024-11-30,industrial-explosives,C036
2024-11-30,industrial-explosives,C046
2024-11-30,industrial-explosives,C055
2024-11-30,industrial-explosives,C062
2024-11-30,industrial-explosives,C081
2024-11-30,industrial-explosives,C090
2024-11-30,industrial-explosives,C106
2024-11-30,industrial-explosives,C115
2024-11-30,industrial-explosives,C120
2024-11-30,lithium-mining,C002
2024-11-30,lithium-mining,C004
2024-11-30,lithium-mining,C005
2024-11-30,lithium-mining,C007
2024-11-30,lithium-mining,C010
2024-11-30,lithium-mining,C018
2024-11-30,lithium-mining,C020
2024-11-30,lithium-mining,C023
2024-11-30,lithium-mining,C026
2024-11-30,lithium-mining,C029
2024-11-30,lithium-mining,C033
2024-11-30,lithium-mining,C042
2024-11-30,lithium-mining,C054
2024-11-30,lithium-mining,C057
2024-11-30,lithium-mining,C058
2024-11-30,lithium-mining,C068
2024-11-30,lithium-mining,C079
2024-11-30,lithium-mining,C081
2024-11-30,lithium-mining,C084
2024-11-30,lithium-mining,C092
2024-11-30,lithium-mining,C096
2024-11-30,lithium-mining,C107
2024-11-30,lithium-mining,C114
2024-11-30,precision-fermentation,C017
2024-11-30,precision-fermentation,C039
2024-11-30,precision-fermentation,C043
2024-11-30,precision-fermentation,C044
2024-11-30,precision-fermentation,C049
2024-11-30,precision-fermentation,C063
2024-11-30,precision-fermentation,C067
2024-11-30,precision-fermentation,C069
2024-11-30,precision-fermentation,C074
2024-11-30,precision-fermentation,C086
2024-11-30,precision-fermentation,C088
2024-11-30,precision-fermentation,C119
2024-11-30,precision-fermentation,C120
2024-11-30,quantum-sensing,C002
2024-11-30,quantum-sensing,C017
2024-11-30,quantum-sensing,C021
2024-11-30,quantum-sensing,C031
2024-11-30,quantum-sensing,C032
2024-11-30,quantum-sensing,C035
2024-11-30,quantum-sensing,C052
2024-11-30,quantum-sensing,C053
2024-11-30,quantum-sensing,C055
2024-11-30,quantum-sensing,C058
2024-11-30,quantum-sensing,C078
2024-11-30,quantum-sensing,C085
2024-11-30,quantum-sensing,C100
2024-11-30,quantum-sensing,C107
2024-11-30,quantum-sensing,C108
2024-11-30,quantum-sensing,C111
2024-12-31,edge-computing,C024
2024-12-31,edge-computing,C032
2024-12-31,edge-computing,C033
2024-12-31,edge-computing,C039
2024-12-31,edge-computing,C054
2024-12-31,edge-computing,C063
2024-12-31,edge-computing,C088
2024-12-31,edge-computing,C090
2024-12-31,edge-computing,C094
2024-12-31,edge-computing,C101
2024-12-31,edge-computing,C105
2024-12-31,edge-computing,C115
2024-12-31,edge-computing,C119
2024-12-31,grid-storage,C007
2024-12-31,grid-storage,C010
2024-12-31,grid-storage,C028
2024-12-31,grid-storage,C030
2024-12-31,grid-storage,C032
2024-12-31,grid-storage,C041
2024-12-31,grid-storage,C048
2024-12-31,grid-storage,C054
2024-12-31,grid-storage,C071
2024-12-31,grid-storage,C077
2024-12-31,grid-storage,C081
2024-12-31,grid-storage,C091
2024-12-31,grid-storage,C092
2024-12-31,grid-storage,C094
2024-12-31,grid-storage,C106
2024-12-31,grid-storage,C111
2024-12-31,industrial-explosives,C023
2024-12-31,industrial-explosives,C028
2024-12-31,industrial-explosives,C036
2024-12-31,industrial-explosives,C046
2024-12-31,industrial-explosives,C055
2024-12-31,industrial-explosives,C062
2024-12-31,industrial-explosives,C081
2024-12-31,industrial-explosives,C090
2024-12-31,industrial-explosives,C115
2024-12-31,industrial-explosives,C120
2024-12-31,lithium-mining,C002
2024-12-31,lithium-mining,C004
2024-12-31,lithium-mining,C005
2024-12-31,lithium-mining,C007
2024-12-31,lithium-mining,C010
2024-12-31,lithium-mining,C018
2024-12-31,lithium-mining,C023
2024-12-31,lithium-mining,C026
2024-12-31,lithium-mining,C029
2024-12-31,lithium-mining,C033
2024-12-31,lithium-mining,C042
2024-12-31,lithium-mining,C057
2024-12-31,lithium-mining,C058
2024-12-31,lithium-mining,C068
2024-12-31,lithium-mining,C079
2024-12-31,lithium-mining,C081
2024-12-31,lithium-mining,C084
2024-12-31,lithium-mining,C092
2024-12-31,lithium-mining,C096
2024-12-31,lithium-mining,C109
2024-12-31,lithium-mining,C114
2024-12-31,precision-fermentation,C012
2024-12-31,precision-fermentation,C017
2024-12-31,precision-fermentation,C039
2024-12-31,precision-fermentation,C043
2024-12-31,precision-fermentation,C063
2024-12-31,precision-fermentation,C067
2024-12-31,precision-fermentation,C069
2024-12-31,precision-fermentation,C074
2024-12-31,precision-fermentation,C086
2024-12-31,precision-fermentation,C088
2024-12-31,precision-fermentation,C119
2024-12-31,precision-fermentation,C120
2024-12-31,quantum-sensing,C002
2024-12-31,quantum-sensing,C005
2024-12-31,quantum-sensing,C017
2024-12-31,quantum-sensing,C021
2024-12-31,quantum-sensing,C031
2024-12-31,quantum-sensing,C032
2024-12-31,quantum-sensing,C052
2024-12-31,quantum-sensing,C053
2024-12-31,quantum-sensing,C058
2024-12-31,quantum-sensing,C078
2024-12-31,quantum-sensing,C085
2024-12-31,quantum-sensing,C100
2024-12-31,quantum-sensing,C107
2024-12-31,quantum-sensing,C108
2025-01-31,edge-computing,C024
2025-01-31,edge-computing,C032
2025-01-31,edge-computing,C033
2025-01-31,edge-computing,C039
2025-01-31,edge-computing,C054
2025-01-31,edge-computing,C063
2025-01-31,edge-computing,C081
2025-01-31,edge-computing,C090
2025-01-31,edge-computing,C094
2025-01-31,edge-computing,C101
2025-01-31,edge-computing,C105
2025-01-31,edge-computing,C115
2025-01-31,edge-computing,C119
2025-01-31,grid-storage,C007
2025-01-31,grid-storage,C013
2025-01-31,grid-storage,C024
2025-01-31,grid-storage,C028
2025-01-31,grid-storage,C030
2025-01-31,grid-storage,C032
2025-01-31,grid-storage,C041
2025-01-31,grid-storage,C048
2025-01-31,grid-storage,C054
2025-01-31,grid-storage,C068
2025-01-31,grid-storage,C071
2025-01-31,grid-storage,C077
2025-01-31,grid-storage,C081
2025-01-31,grid-storage,C091
2025-01-31,grid-storage,C092
2025-01-31,grid-storage,C094
2025-01-31,grid-storage,C106
2025-01-31,grid-storage,C111
2025-01-31,industrial-explosives,C023
2025-01-31,industrial-explosives,C028
2025-01-31,industrial-explosives,C036
2025-01-31,industrial-explosives,C046
2025-01-31,industrial-explosives,C049
2025-01-31,industrial-explosives,C055
2025-01-31,industrial-explosives,C057
2025-01-31,industrial-explosives,C062
2025-01-31,industrial-explosives,C081
2025-01-31,industrial-explosives,C115
2025-01-31,industrial-explosives,C120
2025-01-31,lithium-mining,C002
2025-01-31,lithium-mining,C004
2025-01-31,lithium-mining,C005
2025-01-31,lithium-mining,C007
2025-01-31,lithium-mining,C010
2025-01-31,lithium-mining,C018
2025-01-31,lithium-mining,C023
2025-01-31,lithium-mining,C026
2025-01-31,lithium-mining,C029
2025-01-31,lithium-mining,C033
2025-01-31,lithium-mining,C042
2025-01-31,lithium-mining,C050
2025-01-31,lithium-mining,C057
2025-01-31,lithium-mining,C060
2025-01-31,lithium-mining,C068
2025-01-31,lithium-mining,C079
2025-01-31,lithium-mining,C081
2025-01-31,lithium-mining,C085
2025-01-31,lithium-mining,C092
2025-01-31,lithium-mining,C096
2025-01-31,lithium-mining,C109
2025-01-31,lithium-mining,C114
2025-01-31,precision-fermentation,C012
2025-01-31,precision-fermentation,C017
2025-01-31,precision-fermentation,C062
2025-01-31,precision-fermentation,C063
2025-01-31,precision-fermentation,C067
2025-01-31,precision-fermentation,C069
2025-01-31,precision-fermentation,C074
2025-01-31,precision-fermentation,C086
2025-01-31,precision-fermentation,C119
2025-01-31,precision-fermentation,C120
2025-01-31,quantum-sensing,C002
2025-01-31,quantum-sensing,C005
2025-01-31,quantum-sensing,C017
2025-01-31,quantum-sensing,C021
2025-01-31,quantum-sensing,C031
2025-01-31,quantum-sensing,C032
2025-01-31,quantum-sensing,C052
2025-01-31,quantum-sensing,C058
2025-01-31,quantum-sensing,C078
2025-01-31,quantum-sensing,C082
2025-01-31,quantum-sensing,C100
2025-01-31,quantum-sensing,C107
2025-01-31,quantum-sensing,C108
2025-02-28,edge-computing,C024
2025-02-28,edge-computing,C033
2025-02-28,edge-computing,C039
2025-02-28,edge-computing,C054
2025-02-28,edge-computing,C063
2025-02-28,edge-computing,C064
2025-02-28,edge-computing,C081
2025-02-28,edge-computing,C090
2025-02-28,edge-computing,C094
2025-02-28,edge-computing,C101
2025-02-28,edge-computing,C105
2025-02-28,edge-computing,C115
2025-02-28,edge-computing,C119
2025-02-28,grid-storage,C007
2025-02-28,grid-storage,C013
2025-02-28,grid-storage,C024
2025-02-28,grid-storage,C027
2025-02-28,grid-storage,C028
2025-02-28,grid-storage,C030
2025-02-28,grid-storage,C032
2025-02-28,grid-storage,C041
2025-02-28,grid-storage,C048
2025-02-28,grid-storage,C054
2025-02-28,grid-storage,C068
2025-02-28,grid-storage,C071
2025-02-28,grid-storage,C077
2025-02-28,grid-storage,C081
2025-02-28,grid-storage,C091
2025-02-28,grid-storage,C092
2025-02-28,grid-storage,C106
2025-02-28,grid-storage,C109
2025-02-28,grid-storage,C111
2025-02-28,grid-storage,C115
2025-02-28,industrial-explosives,C023
2025-02-28,industrial-explosives,C028
2025-02-28,industrial-explosives,C036
2025-02-28,industrial-explosives,C046
2025-02-28,industrial-explosives,C049
2025-02-28,industrial-explosives,C055
2025-02-28,industrial-explosives,C062
2025-02-28,industrial-explosives,C081
2025-02-28,industrial-explosives,C107
2025-02-28,industrial-explosives,C115
2025-02-28,industrial-explosives,C120
2025-02-28,lithium-mining,C002
2025-02-28,lithium-mining,C004
2025-02-28,lithium-mining,C005
2025-02-28,lithium-mining,C007
2025-02-28,lithium-mining,C010
2025-02-28,lithium-mining,C023
2025-02-28,lithium-mining,C026
2025-02-28,lithium-mining,C029
2025-02-28,lithium-mining,C033
2025-02-28,lithium-mining,C050
2025-02-28,lithium-mining,C053
2025-02-28,lithium-mining,C057
2025-02-28,lithium-mining,C060
2025-02-28,lithium-mining,C068
2025-02-28,lithium-mining,C079
2025-02-28,lithium-mining,C081
2025-02-28,lithium-mining,C085
2025-02-28,lithium-mining,C092
2025-02-28,lithium-mining,C109
2025-02-28,lithium-mining,C114
2025-02-28,precision-fermentation,C012
2025-02-28,precision-fermentation,C017
2025-02-28,precision-fermentation,C037
2025-02-28,precision-fermentation,C062
2025-02-28,precision-fermentation,C063
2025-02-28,precision-fermentation,C067
2025-02-28,precision-fermentation,C069
2025-02-28,precision-fermentation,C086
2025-02-28,precision-fermentation,C119
2025-02-28,precision-fermentation,C120
2025-02-28,quantum-sensing,C002
2025-02-28,quantum-sensing,C005
2025-02-28,quantum-sensing,C017
2025-02-28,quantum-sensing,C021
2025-02-28,quantum-sensing,C031
2025-02-28,quantum-sensing,C052
2025-02-28,quantum-sensing,C058
2025-02-28,quantum-sensing,C078
2025-02-28,quantum-sensing,C082
2025-02-28,quantum-sensing,C100
2025-02-28,quantum-sensing,C102
2025-02-28,quantum-sensing,C108
2025-02-28,quantum-sensing,C111
2025-03-31,edge-computing,C024
2025-03-31,edge-computing,C039
2025-03-31,edge-computing,C042
2025-03-31,edge-computing,C054
2025-03-31,edge-computing,C063
2025-03-31,edge-computing,C064
2025-03-31,edge-computing,C081
2025-03-31,edge-computing,C090
2025-03-31,edge-computing,C094
2025-03-31,edge-computing,C101
2025-03-31,edge-computing,C105
2025-03-31,edge-computing,C115
2025-03-31,edge-computing,C116
2025-03-31,edge-computing,C117
2025-03-31,edge-computing,C119
2025-03-31,grid-storage,C007
2025-03-31,grid-storage,C013
2025-03-31,grid-storage,C018
2025-03-31,grid-storage,C024
2025-03-31,grid-storage,C027
2025-03-31,grid-storage,C028
2025-03-31,grid-storage,C030
2025-03-31,grid-storage,C032
2025-03-31,grid-storage,C041
2025-03-31,grid-storage,C048
2025-03-31,grid-storage,C054
2025-03-31,grid-storage,C064
2025-03-31,grid-storage,C068
2025-03-31,grid-storage,C071
2025-03-31,grid-storage,C077
2025-03-31,grid-storage,C081
2025-03-31,grid-storage,C091
2025-03-31,grid-storage,C092
2025-03-31,grid-storage,C106
2025-03-31,grid-storage,C111
2025-03-31,grid-storage,C115
2025-03-31,industrial-explosives,C023
2025-03-31,industrial-explosives,C036
2025-03-31,industrial-explosives,C046
2025-03-31,industrial-explosives,C049
2025-03-31,industrial-explosives,C062
2025-03-31,industrial-explosives,C078
2025-03-31,industrial-explosives,C081
2025-03-31,industrial-explosives,C107
2025-03-31,industrial-explosives,C115
2025-03-31,industrial-explosives,C120
2025-03-31,lithium-mining,C004
2025-03-31,lithium-mining,C005
2025-03-31,lithium-mining,C007
2025-03-31,lithium-mining,C010
2025-03-31,lithium-mining,C023
2025-03-31,lithium-mining,C026
2025-03-31,lithium-mining,C029
2025-03-31,lithium-mining,C033
2025-03-31,lithium-mining,C050
2025-03-31,lithium-mining,C053
2025-03-31,lithium-mining,C057
2025-03-31,lithium-mining,C060
2025-03-31,lithium-mining,C079
2025-03-31,lithium-mining,C081
2025-03-31,lithium-mining,C085
2025-03-31,lithium-mining,C109
2025-03-31,lithium-mining,C114
2025-03-31,lithium-mining,C115
2025-03-31,lithium-mining,C120
2025-03-31,precision-fermentation,C012
2025-03-31,precision-fermentation,C017
2025-03-31,precision-fermentation,C031
2025-03-31,precision-fermentation,C037
2025-03-31,precision-fermentation,C062
2025-03-31,precision-fermentation,C063
2025-03-31,precision-fermentation,C069
2025-03-31,precision-fermentation,C077
2025-03-31,precision-fermentation,C086
2025-03-31,precision-fermentation,C109
2025-03-31,precision-fermentation,C119
2025-03-31,precision-fermentation,C120
2025-03-31,quantum-sensing,C002
2025-03-31,quantum-sensing,C005
2025-03-31,quantum-sensing,C010
2025-03-31,quantum-sensing,C017
2025-03-31,quantum-sensing,C021
2025-03-31,quantum-sensing,C031
2025-03-31,quantum-sensing,C052
2025-03-31,quantum-sensing,C058
2025-03-31,quantum-sensing,C082
2025-03-31,quantum-sensing,C100
2025-03-31,quantum-sensing,C102
2025-03-31,quantum-sensing,C108
2025-03-31,quantum-sensing,C109
2025-03-31,quantum-sensing,C111
2025-04-30,edge-computing,C024
2025-04-30,edge-computing,C039
2025-04-30,edge-computing,C048
2025-04-30,edge-computing,C054
2025-04-30,edge-computing,C063
2025-04-30,edge-computing,C064
2025-04-30,edge-computing,C081
2025-04-30,edge-computing,C094
2025-04-30,edge-computing,C101
2025-04-30,edge-computing,C105
2025-04-30,edge-computing,C115
2025-04-30,edge-computing,C116
2025-04-30,edge-computing,C117
2025-04-30,edge-computing,C119
2025-04-30,grid-storage,C007
2025-04-30,grid-storage,C013
2025-04-30,grid-storage,C018
2025-04-30,grid-storage,C027
2025-04-30,grid-storage,C028
2025-04-30,grid-storage,C030
2025-04-30,grid-storage,C032
2025-04-30,grid-storage,C041
2025-04-30,grid-storage,C048
2025-04-30,grid-storage,C054
2025-04-30,grid-storage,C064
2025-04-30,grid-storage,C068
2025-04-30,grid-storage,C071
2025-04-30,grid-storage,C073
2025-04-30,grid-storage,C081
2025-04-30,grid-storage,C091
2025-04-30,grid-storage,C106
2025-04-30,grid-storage,C111
2025-04-30,grid-storage,C115
2025-04-30,industrial-explosives,C018
2025-04-30,industrial-explosives,C023
2025-04-30,industrial-explosives,C036
2025-04-30,industrial-explosives,C046
2025-04-30,industrial-explosives,C049
2025-04-30,industrial-explosives,C054
2025-04-30,industrial-explosives,C078
2025-04-30,industrial-explosives,C085
2025-04-30,industrial-explosives,C107
2025-04-30,industrial-explosives,C115
2025-04-30,lithium-mining,C004
2025-04-30,lithium-mining,C005
2025-04-30,lithium-mining,C007
2025-04-30,lithium-mining,C010
2025-04-30,lithium-mining,C023
2025-04-30,lithium-mining,C026
2025-04-30,lithium-mining,C029
2025-04-30,lithium-mining,C032
2025-04-30,lithium-mining,C033
2025-04-30,lithium-mining,C050
2025-04-30,lithium-mining,C051
2025-04-30,lithium-mining,C053
2025-04-30,lithium-mining,C057
2025-04-30,lithium-mining,C060
2025-04-30,lithium-mining,C079
2025-04-30,lithium-mining,C081
2025-04-30,lithium-mining,C083
2025-04-30,lithium-mining,C085
2025-04-30,lithium-mining,C109
2025-04-30,lithium-mining,C115
2025-04-30,lithium-mining,C120
2025-04-30,precision-fermentation,C012
2025-04-30,precision-fermentation,C017
2025-04-30,precision-fermentation,C030
2025-04-30,precision-fermentation,C031
2025-04-30,precision-fermentation,C062
2025-04-30,precision-fermentation,C063
2025-04-30,precision-fermentation,C086
2025-04-30,precision-fermentation,C091
2025-04-30,precision-fermentation,C109
2025-04-30,precision-fermentation,C119
2025-04-30,precision-fermentation,C120
2025-04-30,quantum-sensing,C002
2025-04-30,quantum-sensing,C005
2025-04-30,quantum-sensing,C010
2025-04-30,quantum-sensing,C017
2025-04-30,quantum-sensing,C031
2025-04-30,quantum-sensing,C046
2025-04-30,quantum-sensing,C052
2025-04-30,quantum-sensing,C058
2025-04-30,quantum-sensing,C082
2025-04-30,quantum-sensing,C100
2025-04-30,quantum-sensing,C102
2025-04-30,quantum-sensing,C108
2025-04-30,quantum-sensing,C109
2025-04-30,quantum-sensing,C111
2025-05-31,edge-computing,C039
2025-05-31,edge-computing,C048
2025-05-31,edge-computing,C051
2025-05-31,edge-computing,C054
2025-05-31,edge-computing,C063
2025-05-31,edge-computing,C064
2025-05-31,edge-computing,C078
2025-05-31,edge-computing,C081
2025-05-31,edge-computing,C094
2025-05-31,edge-computing,C105
2025-05-31,edge-computing,C114
2025-05-31,edge-computing,C116
2025-05-31,edge-computing,C117
2025-05-31,edge-computing,C119
2025-05-31,grid-storage,C007
2025-05-31,grid-storage,C013
2025-05-31,grid-storage,C018
2025-05-31,grid-storage,C024
2025-05-31,grid-storage,C027
2025-05-31,grid-storage,C028
2025-05-31,grid-storage,C030
2025-05-31,grid-storage,C032
2025-05-31,grid-storage,C041
2025-05-31,grid-storage,C048
2025-05-31,grid-storage,C054
2025-05-31,grid-storage,C064
2025-05-31,grid-storage,C068
2025-05-31,grid-storage,C071
2025-05-31,grid-storage,C073
2025-05-31,grid-storage,C081
2025-05-31,grid-storage,C091
2025-05-31,grid-storage,C094
2025-05-31,grid-storage,C106
2025-05-31,grid-storage,C107
2025-05-31,grid-storage,C111
2025-05-31,industrial-explosives,C018
2025-05-31,industrial-explosives,C023
2025-05-31,industrial-explosives,C046
2025-05-31,industrial-explosives,C049
2025-05-31,industrial-explosives,C078
2025-05-31,industrial-explosives,C092
2025-05-31,industrial-explosives,C103
2025-05-31,industrial-explosives,C106
2025-05-31,industrial-explosives,C107
2025-05-31,industrial-explosives,C115
2025-05-31,lithium-mining,C004
2025-05-31,lithium-mining,C005
2025-05-31,lithium-mining,C007
2025-05-31,lithium-mining,C010
2025-05-31,lithium-mining,C023
2025-05-31,lithium-mining,C026
2025-05-31,lithium-mining,C028
2025-05-31,lithium-mining,C032
2025-05-31,lithium-mining,C033
2025-05-31,lithium-mining,C050
2025-05-31,lithium-mining,C051
2025-05-31,lithium-mining,C053
2025-05-31,lithium-mining,C057
2025-05-31,lithium-mining,C059
2025-05-31,lithium-mining,C060
2025-05-31,lithium-mining,C079
2025-05-31,lithium-mining,C083
2025-05-31,lithium-mining,C085
2025-05-31,lithium-mining,C115
2025-05-31,lithium-mining,C120
2025-05-31,precision-fermentation,C012
2025-05-31,precision-fermentation,C017
2025-05-31,precision-fermentation,C030
2025-05-31,precision-fermentation,C035
2025-05-31,precision-fermentation,C063
2025-05-31,precision-fermentation,C086
2025-05-31,precision-fermentation,C089
2025-05-31,precision-fermentation,C091
2025-05-31,precision-fermentation,C109
2025-05-31,precision-fermentation,C120
2025-05-31,quantum-sensing,C002
2025-05-31,quantum-sensing,C005
2025-05-31,quantum-sensing,C010
2025-05-31,quantum-sensing,C011
2025-05-31,quantum-sensing,C017
2025-05-31,quantum-sensing,C020
2025-05-31,quantum-sensing,C031
2025-05-31,quantum-sensing,C046
2025-05-31,quantum-sensing,C052
2025-05-31,quantum-sensing,C058
2025-05-31,quantum-sensing,C082
2025-05-31,quantum-sensing,C102
2025-05-31,quantum-sensing,C108
2025-05-31,quantum-sensing,C109
2025-05-31,quantum-sensing,C111
2025-06-30,edge-computing,C020
2025-06-30,edge-computing,C038
2025-06-30,edge-computing,C043
2025-06-30,edge-computing,C048
2025-06-30,edge-computing,C051
2025-06-30,edge-computing,C054
2025-06-30,edge-computing,C063
2025-06-30,edge-computing,C064
2025-06-30,edge-computing,C078
2025-06-30,edge-computing,C081
2025-06-30,edge-computing,C094
2025-06-30,edge-computing,C105
2025-06-30,edge-computing,C114
2025-06-30,edge-computing,C116
2025-06-30,edge-computing,C117
2025-06-30,edge-computing,C119
2025-06-30,grid-storage,C007
2025-06-30,grid-storage,C013
2025-06-30,grid-storage,C018
2025-06-30,grid-storage,C024
2025-06-30,grid-storage,C027
2025-06-30,grid-storage,C028
2025-06-30,grid-storage,C030
2025-06-30,grid-storage,C032
2025-06-30,grid-storage,C041
2025-06-30,grid-storage,C048
2025-06-30,grid-storage,C054
2025-06-30,grid-storage,C064
2025-06-30,grid-storage,C068
2025-06-30,grid-storage,C071
2025-06-30,grid-storage,C073
2025-06-30,grid-storage,C077
2025-06-30,grid-storage,C080
2025-06-30,grid-storage,C081
2025-06-30,grid-storage,C091
2025-06-30,grid-storage,C098
2025-06-30,grid-storage,C106
2025-06-30,grid-storage,C107
2025-06-30,grid-storage,C111
2025-06-30,industrial-explosives,C018
2025-06-30,industrial-explosives,C019
2025-06-30,industrial-explosives,C022
2025-06-30,industrial-explosives,C023
2025-06-30,industrial-explosives,C046
2025-06-30,industrial-explosives,C049
2025-06-30,industrial-explosives,C078
2025-06-30,industrial-explosives,C103
2025-06-30,industrial-explosives,C106
2025-06-30,industrial-explosives,C107
2025-06-30,lithium-mining,C004
2025-06-30,lithium-mining,C005
2025-06-30,lithium-mining,C007
2025-06-30,lithium-mining,C010
2025-06-30,lithium-mining,C023
2025-06-30,lithium-mining,C026
2025-06-30,lithium-mining,C028
2025-06-30,lithium-mining,C031
2025-06-30,lithium-mining,C032
2025-06-30,lithium-mining,C033
2025-06-30,lithium-mining,C050
2025-06-30,lithium-mining,C051
2025-06-30,lithium-mining,C057
2025-06-30,lithium-mining,C059
2025-06-30,lithium-mining,C060
2025-06-30,lithium-mining,C079
2025-06-30,lithium-mining,C085
2025-06-30,lithium-mining,C115
2025-06-30,lithium-mining,C119
2025-06-30,lithium-mining,C120
2025-06-30,precision-fermentation,C012
2025-06-30,precision-fermentation,C015
2025-06-30,precision-fermentation,C017
2025-06-30,precision-fermentation,C030
2025-06-30,precision-fermentation,C035
2025-06-30,precision-fermentation,C063
2025-06-30,precision-fermentation,C073
2025-06-30,precision-fermentation,C086
2025-06-30,precision-fermentation,C089
2025-06-30,precision-fermentation,C091
2025-06-30,quantum-sensing,C002
2025-06-30,quantum-sensing,C005
2025-06-30,quantum-sensing,C010
2025-06-30,quantum-sensing,C011
2025-06-30,quantum-sensing,C017
2025-06-30,quantum-sensing,C020
2025-06-30,quantum-sensing,C021
2025-06-30,quantum-sensing,C031
2025-06-30,quantum-sensing,C046
2025-06-30,quantum-sensing,C058
2025-06-30,quantum-sensing,C081
2025-06-30,quantum-sensing,C082
2025-06-30,quantum-sensing,C102
2025-06-30,quantum-sensing,C108
2025-06-30,quantum-sensing,C109
2025-06-30,quantum-sensing,C111
2025-07-31,edge-computing,C019
2025-07-31,edge-computing,C020
2025-07-31,edge-computing,C043
2025-07-31,edge-computing,C048
2025-07-31,edge-computing,C051
2025-07-31,edge-computing,C054
2025-07-31,edge-computing,C063
2025-07-31,edge-computing,C064
2025-07-31,edge-computing,C069
2025-07-31,edge-computing,C078
2025-07-31,edge-computing,C081
2025-07-31,edge-computing,C094
2025-07-31,edge-computing,C106
2025-07-31,edge-computing,C114
2025-07-31,edge-computing,C116
2025-07-31,edge-computing,C117
2025-07-31,edge-computing,C119
2025-07-31,grid-storage,C001
2025-07-31,grid-storage,C007
2025-07-31,grid-storage,C013
2025-07-31,grid-storage,C018
2025-07-31,grid-storage,C024
2025-07-31,grid-storage,C027
2025-07-31,grid-storage,C028
2025-07-31,grid-storage,C030
2025-07-31,grid-storage,C041
2025-07-31,grid-storage,C048
2025-07-31,grid-storage,C054
2025-07-31,grid-storage,C064
2025-07-31,grid-storage,C068
2025-07-31,grid-storage,C071
2025-07-31,grid-storage,C077
2025-07-31,grid-storage,C080
2025-07-31,grid-storage,C081
2025-07-31,grid-storage,C091
2025-07-31,grid-storage,C098
2025-07-31,grid-storage,C106
2025-07-31,grid-storage,C107
2025-07-31,grid-storage,C111
2025-07-31,industrial-explosives,C018
2025-07-31,industrial-explosives,C019
2025-07-31,industrial-explosives,C022
2025-07-31,industrial-explosives,C023
2025-07-31,industrial-explosives,C046
2025-07-31,industrial-explosives,C049
2025-07-31,industrial-explosives,C078
2025-07-31,industrial-explosives,C098
2025-07-31,industrial-explosives,C107
2025-07-31,lithium-mining,C004
2025-07-31,lithium-mining,C005
2025-07-31,lithium-mining,C007
2025-07-31,lithium-mining,C010
2025-07-31,lithium-mining,C023
2025-07-31,lithium-mining,C026
2025-07-31,lithium-mining,C028
2025-07-31,lithium-mining,C032
2025-07-31,lithium-mining,C033
2025-07-31,lithium-mining,C036
2025-07-31,lithium-mining,C051
2025-07-31,lithium-mining,C059
2025-07-31,lithium-mining,C060
2025-07-31,lithium-mining,C079
2025-07-31,lithium-mining,C085
2025-07-31,lithium-mining,C115
2025-07-31,lithium-mining,C119
2025-07-31,lithium-mining,C120
2025-07-31,precision-fermentation,C012
2025-07-31,precision-fermentation,C015
2025-07-31,precision-fermentation,C017
2025-07-31,precision-fermentation,C030
2025-07-31,precision-fermentation,C035
2025-07-31,precision-fermentation,C040
2025-07-31,precision-fermentation,C063
2025-07-31,precision-fermentation,C086
2025-07-31,precision-fermentation,C089
2025-07-31,precision-fermentation,C091
2025-07-31,quantum-sensing,C002
2025-07-31,quantum-sensing,C005
2025-07-31,quantum-sensing,C017
2025-07-31,quantum-sensing,C020
2025-07-31,quantum-sensing,C021
2025-07-31,quantum-sensing,C031
2025-07-31,quantum-sensing,C046
2025-07-31,quantum-sensing,C050
2025-07-31,quantum-sensing,C058
2025-07-31,quantum-sensing,C076
2025-07-31,quantum-sensing,C081
2025-07-31,quantum-sensing,C082
2025-07-31,quantum-sensing,C102
2025-07-31,quantum-sensing,C109
2025-07-31,quantum-sensing,C111
2025-08-31,edge-computing,C019
2025-08-31,edge-computing,C020
2025-08-31,edge-computing,C041
2025-08-31,edge-computing,C043
2025-08-31,edge-computing,C048
2025-08-31,edge-computing,C051
2025-08-31,edge-computing,C054
2025-08-31,edge-computing,C063
2025-08-31,edge-computing,C069
2025-08-31,edge-computing,C078
2025-08-31,edge-computing,C081
2025-08-31,edge-computing,C094
2025-08-31,edge-computing,C107
2025-08-31,edge-computing,C114
2025-08-31,edge-computing,C116
2025-08-31,edge-computing,C117
2025-08-31,edge-computing,C119
2025-08-31,grid-storage,C001
2025-08-31,grid-storage,C007
2025-08-31,grid-storage,C013
2025-08-31,grid-storage,C018
2025-08-31,grid-storage,C024
2025-08-31,grid-storage,C027
2025-08-31,grid-storage,C028
2025-08-31,grid-storage,C030
2025-08-31,grid-storage,C041
2025-08-31,grid-storage,C048
2025-08-31,grid-storage,C054
2025-08-31,grid-storage,C064
2025-08-31,grid-storage,C065
2025-08-31,grid-storage,C068
2025-08-31,grid-storage,C071
2025-08-31,grid-storage,C077
2025-08-31,grid-storage,C080
2025-08-31,grid-storage,C081
2025-08-31,grid-storage,C090
2025-08-31,grid-storage,C091
2025-08-31,grid-storage,C106
2025-08-31,grid-storage,C107
2025-08-31,grid-storage,C109
2025-08-31,grid-storage,C111
2025-08-31,industrial-explosives,C019
2025-08-31,industrial-explosives,C022
2025-08-31,industrial-explosives,C023
2025-08-31,industrial-explosives,C046
2025-08-31,industrial-explosives,C049
2025-08-31,industrial-explosives,C059
2025-08-31,industrial-explosives,C098
2025-08-31,industrial-explosives,C107
2025-08-31,lithium-mining,C004
2025-08-31,lithium-mining,C005
2025-08-31,lithium-mining,C007
2025-08-31,lithium-mining,C010
2025-08-31,lithium-mining,C023
2025-08-31,lithium-mining,C026
2025-08-31,lithium-mining,C028
2025-08-31,lithium-mining,C032
2025-08-31,lithium-mining,C033
2025-08-31,lithium-mining,C036
2025-08-31,lithium-mining,C043
2025-08-31,lithium-mining,C051
2025-08-31,lithium-mining,C059
2025-08-31,lithium-mining,C085
2025-08-31,lithium-mining,C097
2025-08-31,lithium-mining,C115
2025-08-31,lithium-mining,C120
2025-08-31,precision-fermentation,C012
2025-08-31,precision-fermentation,C015
2025-08-31,precision-fermentation,C017
2025-08-31,precision-fermentation,C030
2025-08-31,precision-fermentation,C035
2025-08-31,precision-fermentation,C039
2025-08-31,precision-fermentation,C063
2025-08-31,precision-fermentation,C081
2025-08-31,precision-fermentation,C086
2025-08-31,precision-fermentation,C089
2025-08-31,precision-fermentation,C091
2025-08-31,precision-fermentation,C119
2025-08-31,quantum-sensing,C002
2025-08-31,quantum-sensing,C005
2025-08-31,quantum-sensing,C017
2025-08-31,quantum-sensing,C020
2025-08-31,quantum-sensing,C021
2025-08-31,quantum-sensing,C031
2025-08-31,quantum-sensing,C032
2025-08-31,quantum-sensing,C046
2025-08-31,quantum-sensing,C050
2025-08-31,quantum-sensing,C058
2025-08-31,quantum-sensing,C076
2025-08-31,quantum-sensing,C082
2025-08-31,quantum-sensing,C102
2025-08-31,quantum-sensing,C109
2025-08-31,quantum-sensing,C111
2025-09-30,edge-computing,C019
2025-09-30,edge-computing,C020
2025-09-30,edge-computing,C043
2025-09-30,edge-computing,C048
2025-09-30,edge-computing,C051
2025-09-30,edge-computing,C054
2025-09-30,edge-computing,C063
2025-09-30,edge-computing,C065
2025-09-30,edge-computing,C069
2025-09-30,edge-computing,C078
2025-09-30,edge-computing,C081
2025-09-30,edge-computing,C107
2025-09-30,edge-computing,C114
2025-09-30,edge-computing,C116
2025-09-30,edge-computing,C117
2025-09-30,edge-computing,C119
2025-09-30,grid-storage,C001
2025-09-30,grid-storage,C007
2025-09-30,grid-storage,C013
2025-09-30,grid-storage,C018
2025-09-30,grid-storage,C022
2025-09-30,grid-storage,C024
2025-09-30,grid-storage,C027
2025-09-30,grid-storage,C028
2025-09-30,grid-storage,C030
2025-09-30,grid-storage,C041
2025-09-30,grid-storage,C048
2025-09-30,grid-storage,C054
2025-09-30,grid-storage,C056
2025-09-30,grid-storage,C064
2025-09-30,grid-storage,C065
2025-09-30,grid-storage,C068
2025-09-30,grid-storage,C071
2025-09-30,grid-storage,C077
2025-09-30,grid-storage,C080
2025-09-30,grid-storage,C081
2025-09-30,grid-storage,C090
2025-09-30,grid-storage,C097
2025-09-30,grid-storage,C106
2025-09-30,grid-storage,C107
2025-09-30,grid-storage,C109
2025-09-30,grid-storage,C111
2025-09-30,industrial-explosives,C019
2025-09-30,industrial-explosives,C046
2025-09-30,industrial-explosives,C049
2025-09-30,industrial-explosives,C059
2025-09-30,industrial-explosives,C098
2025-09-30,industrial-explosives,C107
2025-09-30,industrial-explosives,C108
2025-09-30,lithium-mining,C004
2025-09-30,lithium-mining,C005
2025-09-30,lithium-mining,C007
2025-09-30,lithium-mining,C010
2025-09-30,lithium-mining,C012
2025-09-30,lithium-mining,C023
2025-09-30,lithium-mining,C026
2025-09-30,lithium-mining,C028
2025-09-30,lithium-mining,C032
2025-09-30,lithium-mining,C033
2025-09-30,lithium-mining,C036
2025-09-30,lithium-mining,C043
2025-09-30,lithium-mining,C048
2025-09-30,lithium-mining,C051
2025-09-30,lithium-mining,C059
2025-09-30,lithium-mining,C068
2025-09-30,lithium-mining,C085
2025-09-30,lithium-mining,C115
2025-09-30,lithium-mining,C120
2025-09-30,precision-fermentation,C012
2025-09-30,precision-fermentation,C015
2025-09-30,precision-fermentation,C017
2025-09-30,precision-fermentation,C018
2025-09-30,precision-fermentation,C030
2025-09-30,precision-fermentation,C035
2025-09-30,precision-fermentation,C037
2025-09-30,precision-fermentation,C039
2025-09-30,precision-fermentation,C063
2025-09-30,precision-fermentation,C066
2025-09-30,precision-fermentation,C081
2025-09-30,precision-fermentation,C091
2025-09-30,precision-fermentation,C119
2025-09-30,quantum-sensing,C002
2025-09-30,quantum-sensing,C005
2025-09-30,quantum-sensing,C017
2025-09-30,quantum-sensing,C020
2025-09-30,quantum-sensing,C021
2025-09-30,quantum-sensing,C031
2025-09-30,quantum-sensing,C032
2025-09-30,quantum-sensing,C046
2025-09-30,quantum-sensing,C050
2025-09-30,quantum-sensing,C056
2025-09-30,quantum-sensing,C058
2025-09-30,quantum-sensing,C062
2025-09-30,quantum-sensing,C076
2025-09-30,quantum-sensing,C082
2025-09-30,quantum-sensing,C094
2025-09-30,quantum-sensing,C102
2025-10-31,edge-computing,C019
2025-10-31,edge-computing,C020
2025-10-31,edge-computing,C043
2025-10-31,edge-computing,C048
2025-10-31,edge-computing,C051
2025-10-31,edge-computing,C054
2025-10-31,edge-computing,C063
2025-10-31,edge-computing,C065
2025-10-31,edge-computing,C078
2025-10-31,edge-computing,C081
2025-10-31,edge-computing,C085
2025-10-31,edge-computing,C107
2025-10-31,edge-computing,C114
2025-10-31,edge-computing,C116
2025-10-31,edge-computing,C117
2025-10-31,edge-computing,C119
2025-10-31,grid-storage,C001
2025-10-31,grid-storage,C007
2025-10-31,grid-storage,C013
2025-10-31,grid-storage,C018
2025-10-31,grid-storage,C024
2025-10-31,grid-storage,C027
2025-10-31,grid-storage,C028
2025-10-31,grid-storage,C030
2025-10-31,grid-storage,C048
2025-10-31,grid-storage,C050
2025-10-31,grid-storage,C054
2025-10-31,grid-storage,C056
2025-10-31,grid-storage,C064
2025-10-31,grid-storage,C065
2025-10-31,grid-storage,C068
2025-10-31,grid-storage,C071
2025-10-31,grid-storage,C077
2025-10-31,grid-storage,C080
2025-10-31,grid-storage,C081
2025-10-31,grid-storage,C090
2025-10-31,grid-storage,C097
2025-10-31,grid-storage,C106
2025-10-31,grid-storage,C109
2025-10-31,grid-storage,C111
2025-10-31,industrial-explosives,C019
2025-10-31,industrial-explosives,C039
2025-10-31,industrial-explosives,C049
2025-10-31,industrial-explosives,C050
2025-10-31,industrial-explosives,C059
2025-10-31,industrial-explosives,C098
2025-10-31,industrial-explosives,C107
2025-10-31,industrial-explosives,C108
2025-10-31,lithium-mining,C004
2025-10-31,lithium-mining,C005
2025-10-31,lithium-mining,C007
2025-10-31,lithium-mining,C010
2025-10-31,lithium-mining,C012
2025-10-31,lithium-mining,C023
2025-10-31,lithium-mining,C026
2025-10-31,lithium-mining,C028
2025-10-31,lithium-mining,C032
2025-10-31,lithium-mining,C033
2025-10-31,lithium-mining,C043
2025-10-31,lithium-mining,C045
2025-10-31,lithium-mining,C048
2025-10-31,lithium-mining,C051
2025-10-31,lithium-mining,C059
2025-10-31,lithium-mining,C068
2025-10-31,lithium-mining,C083
2025-10-31,lithium-mining,C085
2025-10-31,lithium-mining,C095
2025-10-31,lithium-mining,C115
2025-10-31,lithium-mining,C120
2025-10-31,precision-fermentation,C012
2025-10-31,precision-fermentation,C018
2025-10-31,precision-fermentation,C030
2025-10-31,precision-fermentation,C035
2025-10-31,precision-fermentation,C037
2025-10-31,precision-fermentation,C039
2025-10-31,precision-fermentation,C055
2025-10-31,precision-fermentation,C063
2025-10-31,precision-fermentation,C067
2025-10-31,precision-fermentation,C081
2025-10-31,precision-fermentation,C086
2025-10-31,precision-fermentation,C091
2025-10-31,precision-fermentation,C119
2025-10-31,quantum-sensing,C005
2025-10-31,quantum-sensing,C017
2025-10-31,quantum-sensing,C020
2025-10-31,quantum-sensing,C021
2025-10-31,quantum-sensing,C029
2025-10-31,quantum-sensing,C031
2025-10-31,quantum-sensing,C032
2025-10-31,quantum-sensing,C046
2025-10-31,quantum-sensing,C050
2025-10-31,quantum-sensing,C056
2025-10-31,quantum-sensing,C058
2025-10-31,quantum-sensing,C062
2025-10-31,quantum-sensing,C076
2025-10-31,quantum-sensing,C082
2025-10-31,quantum-sensing,C094
2025-10-31,quantum-sensing,C102
2025-11-30,edge-computing,C012
2025-11-30,edge-computing,C019
2025-11-30,edge-computing,C020
2025-11-30,edge-computing,C036
2025-11-30,edge-computing,C043
2025-11-30,edge-computing,C054
2025-11-30,edge-computing,C063
2025-11-30,edge-computing,C065
2025-11-30,edge-computing,C078
2025-11-30,edge-computing,C081
2025-11-30,edge-computing,C085
2025-11-30,edge-computing,C099
2025-11-30,edge-computing,C114
2025-11-30,edge-computing,C116
2025-11-30,edge-computing,C117
2025-11-30,edge-computing,C119
2025-11-30,grid-storage,C001
2025-11-30,grid-storage,C007
2025-11-30,grid-storage,C018
2025-11-30,grid-storage,C024
2025-11-30,grid-storage,C025
2025-11-30,grid-storage,C030
2025-11-30,grid-storage,C048
2025-11-30,grid-storage,C050
2025-11-30,grid-storage,C054
2025-11-30,grid-storage,C056
2025-11-30,grid-storage,C064
2025-11-30,grid-storage,C065
2025-11-30,grid-storage,C068
2025-11-30,grid-storage,C071
2025-11-30,grid-storage,C077
2025-11-30,grid-storage,C080
2025-11-30,grid-storage,C081
2025-11-30,grid-storage,C090
2025-11-30,grid-storage,C097
2025-11-30,grid-storage,C106
2025-11-30,grid-storage,C109
2025-11-30,grid-storage,C111
2025-11-30,industrial-explosives,C019
2025-11-30,industrial-explosives,C020
2025-11-30,industrial-explosives,C039
2025-11-30,industrial-explosives,C049
2025-11-30,industrial-explosives,C050
2025-11-30,industrial-explosives,C057
2025-11-30,industrial-explosives,C098
2025-11-30,industrial-explosives,C107
2025-11-30,industrial-explosives,C108
2025-11-30,industrial-explosives,C119
2025-11-30,lithium-mining,C004
2025-11-30,lithium-mining,C005
2025-11-30,lithium-mining,C007
2025-11-30,lithium-mining,C010
2025-11-30,lithium-mining,C012
2025-11-30,lithium-mining,C023
2025-11-30,lithium-mining,C026
2025-11-30,lithium-mining,C028
2025-11-30,lithium-mining,C032
2025-11-30,lithium-mining,C033
2025-11-30,lithium-mining,C043
2025-11-30,lithium-mining,C045
2025-11-30,lithium-mining,C051
2025-11-30,lithium-mining,C059
2025-11-30,lithium-mining,C068
2025-11-30,lithium-mining,C081
2025-11-30,lithium-mining,C083
2025-11-30,lithium-mining,C085
2025-11-30,lithium-mining,C101
2025-11-30,lithium-mining,C103
2025-11-30,lithium-mining,C115
2025-11-30,lithium-mining,C120
2025-11-30,precision-fermentation,C012
2025-11-30,precision-fermentation,C018
2025-11-30,precision-fermentation,C020
2025-11-30,precision-fermentation,C029
2025-11-30,precision-fermentation,C030
2025-11-30,precision-fermentation,C035
2025-11-30,precision-fermentation,C037
2025-11-30,precision-fermentation,C039
2025-11-30,precision-fermentation,C053
2025-11-30,precision-fermentation,C063
2025-11-30,precision-fermentation,C067
2025-11-30,precision-fermentation,C086
2025-11-30,precision-fermentation,C091
2025-11-30,precision-fermentation,C119
2025-11-30,quantum-sensing,C005
2025-11-30,quantum-sensing,C020
2025-11-30,quantum-sensing,C021
2025-11-30,quantum-sensing,C029
2025-11-30,quantum-sensing,C030
2025-11-30,quantum-sensing,C031
2025-11-30,quantum-sensing,C032
2025-11-30,quantum-sensing,C046
2025-11-30,quantum-sensing,C050
2025-11-30,quantum-sensing,C062
2025-11-30,quantum-sensing,C076
2025-11-30,quantum-sensing,C082
2025-11-30,quantum-sensing,C094
2025-11-30,quantum-sensing,C102
2025-11-30,quantum-sensing,C116
2025-12-31,edge-computing,C012
2025-12-31,edge-computing,C014
2025-12-31,edge-computing,C019
2025-12-31,edge-computing,C020
2025-12-31,edge-computing,C043
2025-12-31,edge-computing,C054
2025-12-31,edge-computing,C063
2025-12-31,edge-computing,C078
2025-12-31,edge-computing,C081
2025-12-31,edge-computing,C085
2025-12-31,edge-computing,C099
2025-12-31,edge-computing,C114
2025-12-31,edge-computing,C117
2025-12-31,edge-computing,C119
2025-12-31,grid-storage,C001
2025-12-31,grid-storage,C007
2025-12-31,grid-storage,C018
2025-12-31,grid-storage,C024
2025-12-31,grid-storage,C025
2025-12-31,grid-storage,C030
2025-12-31,grid-storage,C046
2025-12-31,grid-storage,C048
2025-12-31,grid-storage,C050
2025-12-31,grid-storage,C054
2025-12-31,grid-storage,C056
2025-12-31,grid-storage,C064
2025-12-31,grid-storage,C068
2025-12-31,grid-storage,C071
2025-12-31,grid-storage,C077
2025-12-31,grid-storage,C080
2025-12-31,grid-storage,C081
2025-12-31,grid-storage,C097
2025-12-31,grid-storage,C106
2025-12-31,grid-storage,C109
2025-12-31,grid-storage,C111
2025-12-31,grid-storage,C113
2025-12-31,industrial-explosives,C010
2025-12-31,industrial-explosives,C019
2025-12-31,industrial-explosives,C020
2025-12-31,industrial-explosives,C039
2025-12-31,industrial-explosives,C049
2025-12-31,industrial-explosives,C050
2025-12-31,industrial-explosives,C057
2025-12-31,industrial-explosives,C080
2025-12-31,industrial-explosives,C093
2025-12-31,industrial-explosives,C098
2025-12-31,industrial-explosives,C107
2025-12-31,industrial-explosives,C119
2025-12-31,lithium-mining,C004
2025-12-31,lithium-mining,C005
2025-12-31,lithium-mining,C007
2025-12-31,lithium-mining,C010
2025-12-31,lithium-mining,C012
2025-12-31,lithium-mining,C023
2025-12-31,lithium-mining,C026
2025-12-31,lithium-mining,C028
2025-12-31,lithium-mining,C033
2025-12-31,lithium-mining,C043
2025-12-31,lithium-mining,C045
2025-12-31,lithium-mining,C051
2025-12-31,lithium-mining,C068
2025-12-31,lithium-mining,C081
2025-12-31,lithium-mining,C083
2025-12-31,lithium-mining,C085
2025-12-31,lithium-mining,C101
2025-12-31,lithium-mining,C103
2025-12-31,lithium-mining,C112
2025-12-31,lithium-mining,C115
2025-12-31,lithium-mining,C120
2025-12-31,precision-fermentation,C012
2025-12-31,precision-fermentation,C018
2025-12-31,precision-fermentation,C020
2025-12-31,precision-fermentation,C029
2025-12-31,precision-fermentation,C030
2025-12-31,precision-fermentation,C035
2025-12-31,precision-fermentation,C037
2025-12-31,precision-fermentation,C039
2025-12-31,precision-fermentation,C053
2025-12-31,precision-fermentation,C067
2025-12-31,precision-fermentation,C086
2025-12-31,precision-fermentation,C091
2025-12-31,precision-fermentation,C098
2025-12-31,precision-fermentation,C119
2025-12-31,quantum-sensing,C005
2025-12-31,quantum-sensing,C021
2025-12-31,quantum-sensing,C023
2025-12-31,quantum-sensing,C029
2025-12-31,quantum-sensing,C030
2025-12-31,quantum-sensing,C031
2025-12-31,quantum-sensing,C032
2025-12-31,quantum-sensing,C046
2025-12-31,quantum-sensing,C050
2025-12-31,quantum-sensing,C062
2025-12-31,quantum-sensing,C064
2025-12-31,quantum-sensing,C067
2025-12-31,quantum-sensing,C076
2025-12-31,quantum-sensing,C094
2025-12-31,quantum-sensing,C116
2026-01-31,edge-computing,C012
2026-01-31,edge-computing,C014
2026-01-31,edge-computing,C019
2026-01-31,edge-computing,C020
2026-01-31,edge-computing,C032
2026-01-31,edge-computing,C037
2026-01-31,edge-computing,C043
2026-01-31,edge-computing,C054
2026-01-31,edge-computing,C063
2026-01-31,edge-computing,C074
2026-01-31,edge-computing,C078
2026-01-31,edge-computing,C081
2026-01-31,edge-computing,C085
2026-01-31,edge-computing,C117
2026-01-31,edge-computing,C119
2026-01-31,grid-storage,C001
2026-01-31,grid-storage,C007
2026-01-31,grid-storage,C020
2026-01-31,grid-storage,C024
2026-01-31,grid-storage,C025
2026-01-31,grid-storage,C030
2026-01-31,grid-storage,C046
2026-01-31,grid-storage,C048
2026-01-31,grid-storage,C050
2026-01-31,grid-storage,C054
2026-01-31,grid-storage,C056
2026-01-31,grid-storage,C059
2026-01-31,grid-storage,C064
2026-01-31,grid-storage,C068
2026-01-31,grid-storage,C077
2026-01-31,grid-storage,C080
2026-01-31,grid-storage,C081
2026-01-31,grid-storage,C097
2026-01-31,grid-storage,C098
2026-01-31,grid-storage,C106
2026-01-31,grid-storage,C109
2026-01-31,grid-storage,C111
2026-01-31,grid-storage,C113
2026-01-31,industrial-explosives,C010
2026-01-31,industrial-explosives,C019
2026-01-31,industrial-explosives,C020
2026-01-31,industrial-explosives,C024
2026-01-31,industrial-explosives,C049
2026-01-31,industrial-explosives,C050
2026-01-31,industrial-explosives,C057
2026-01-31,industrial-explosives,C080
2026-01-31,industrial-explosives,C093
2026-01-31,industrial-explosives,C098
2026-01-31,industrial-explosives,C107
2026-01-31,industrial-explosives,C119
2026-01-31,lithium-mining,C002
2026-01-31,lithium-mining,C004
2026-01-31,lithium-mining,C005
2026-01-31,lithium-mining,C007
2026-01-31,lithium-mining,C010
2026-01-31,lithium-mining,C012
2026-01-31,lithium-mining,C023
2026-01-31,lithium-mining,C026
2026-01-31,lithium-mining,C028
2026-01-31,lithium-mining,C033
2026-01-31,lithium-mining,C043
2026-01-31,lithium-mining,C045
2026-01-31,lithium-mining,C051
2026-01-31,lithium-mining,C068
2026-01-31,lithium-mining,C081
2026-01-31,lithium-mining,C083
2026-01-31,lithium-mining,C085
2026-01-31,lithium-mining,C103
2026-01-31,lithium-mining,C112
2026-01-31,lithium-mining,C115
2026-01-31,lithium-mining,C120
2026-01-31,precision-fermentation,C012
2026-01-31,precision-fermentation,C018
2026-01-31,precision-fermentation,C019
2026-01-31,precision-fermentation,C020
2026-01-31,precision-fermentation,C029
2026-01-31,precision-fermentation,C030
2026-01-31,precision-fermentation,C035
2026-01-31,precision-fermentation,C037
2026-01-31,precision-fermentation,C053
2026-01-31,precision-fermentation,C067
2026-01-31,precision-fermentation,C095
2026-01-31,precision-fermentation,C098
2026-01-31,precision-fermentation,C119
2026-01-31,quantum-sensing,C002
2026-01-31,quantum-sensing,C005
2026-01-31,quantum-sensing,C019
2026-01-31,quantum-sensing,C021
2026-01-31,quantum-sensing,C029
2026-01-31,quantum-sensing,C030
2026-01-31,quantum-sensing,C031
2026-01-31,quantum-sensing,C032
2026-01-31,quantum-sensing,C046
2026-01-31,quantum-sensing,C062
2026-01-31,quantum-sensing,C064
2026-01-31,quantum-sensing,C067
2026-01-31,quantum-sensing,C076
2026-01-31,quantum-sensing,C094
2026-01-31,quantum-sensing,C095
2026-02-28,edge-computing,C012
2026-02-28,edge-computing,C020
2026-02-28,edge-computing,C032
2026-02-28,edge-computing,C037
2026-02-28,edge-computing,C043
2026-02-28,edge-computing,C054
2026-02-28,edge-computing,C063
2026-02-28,edge-computing,C074
2026-02-28,edge-computing,C078
2026-02-28,edge-computing,C081
2026-02-28,edge-computing,C085
2026-02-28,edge-computing,C109
2026-02-28,edge-computing,C117
2026-02-28,edge-computing,C119
2026-02-28,grid-storage,C001
2026-02-28,grid-storage,C007
2026-02-28,grid-storage,C024
2026-02-28,grid-storage,C025
2026-02-28,grid-storage,C027
2026-02-28,grid-storage,C030
2026-02-28,grid-storage,C046
2026-02-28,grid-storage,C048
2026-02-28,grid-storage,C050
2026-02-28,grid-storage,C054
2026-02-28,grid-storage,C056
2026-02-28,grid-storage,C059
2026-02-28,grid-storage,C068
2026-02-28,grid-storage,C077
2026-02-28,grid-storage,C080
2026-02-28,grid-storage,C081
2026-02-28,grid-storage,C097
2026-02-28,grid-storage,C098
2026-02-28,grid-storage,C106
2026-02-28,grid-storage,C109
2026-02-28,grid-storage,C111
2026-02-28,grid-storage,C113
2026-02-28,industrial-explosives,C010
2026-02-28,industrial-explosives,C019
2026-02-28,industrial-explosives,C024
2026-02-28,industrial-explosives,C040
2026-02-28,industrial-explosives,C049
2026-02-28,industrial-explosives,C050
2026-02-28,industrial-explosives,C057
2026-02-28,industrial-explosives,C080
2026-02-28,industrial-explosives,C098
2026-02-28,industrial-explosives,C107
2026-02-28,industrial-explosives,C119
2026-02-28,lithium-mining,C002
2026-02-28,lithium-mining,C004
2026-02-28,lithium-mining,C005
2026-02-28,lithium-mining,C007
2026-02-28,lithium-mining,C010
2026-02-28,lithium-mining,C012
2026-02-28,lithium-mining,C023
2026-02-28,lithium-mining,C026
2026-02-28,lithium-mining,C033
2026-02-28,lithium-mining,C043
2026-02-28,lithium-mining,C045
2026-02-28,lithium-mining,C051
2026-02-28,lithium-mining,C068
2026-02-28,lithium-mining,C081
2026-02-28,lithium-mining,C083
2026-02-28,lithium-mining,C085
2026-02-28,lithium-mining,C103
2026-02-28,lithium-mining,C105
2026-02-28,lithium-mining,C112
2026-02-28,lithium-mining,C115
2026-02-28,precision-fermentation,C012
2026-02-28,precision-fermentation,C020
2026-02-28,precision-fermentation,C029
2026-02-28,precision-fermentation,C030
2026-02-28,precision-fermentation,C035
2026-02-28,precision-fermentation,C037
2026-02-28,precision-fermentation,C053
2026-02-28,precision-fermentation,C067
2026-02-28,precision-fermentation,C095
2026-02-28,precision-fermentation,C098
2026-02-28,precision-fermentation,C106
2026-02-28,precision-fermentation,C114
2026-02-28,precision-fermentation,C119
2026-02-28,quantum-sensing,C002
2026-02-28,quantum-sensing,C005
2026-02-28,quantum-sensing,C019
2026-02-28,quantum-sensing,C021
2026-02-28,quantum-sensing,C029
2026-02-28,quantum-sensing,C030
2026-02-28,quantum-sensing,C031
2026-02-28,quantum-sensing,C032
2026-02-28,quantum-sensing,C046
2026-02-28,quantum-sensing,C062
2026-02-28,quantum-sensing,C064
2026-02-28,quantum-sensing,C076
2026-02-28,quantum-sensing,C094
2026-02-28,quantum-sensing,C095
2026-02-28,quantum-sensing,C119
2026-03-31,edge-computing,C012
2026-03-31,edge-computing,C020
2026-03-31,edge-computing,C037
2026-03-31,edge-computing,C043
2026-03-31,edge-computing,C061
2026-03-31,edge-computing,C063
2026-03-31,edge-computing,C074
2026-03-31,edge-computing,C078
2026-03-31,edge-computing,C081
2026-03-31,edge-computing,C085
2026-03-31,edge-computing,C109
2026-03-31,edge-computing,C117
2026-03-31,edge-computing,C119
2026-03-31,grid-storage,C001
2026-03-31,grid-storage,C007
2026-03-31,grid-storage,C024
2026-03-31,grid-storage,C025
2026-03-31,grid-storage,C027
2026-03-31,grid-storage,C030
2026-03-31,grid-storage,C046
2026-03-31,grid-storage,C048
2026-03-31,grid-storage,C050
2026-03-31,grid-storage,C054
2026-03-31,grid-storage,C056
2026-03-31,grid-storage,C059
2026-03-31,grid-storage,C062
2026-03-31,grid-storage,C068
2026-03-31,grid-storage,C077
2026-03-31,grid-storage,C080
2026-03-31,grid-storage,C083
2026-03-31,grid-storage,C097
2026-03-31,grid-storage,C098
2026-03-31,grid-storage,C106
2026-03-31,grid-storage,C113
2026-03-31,industrial-explosives,C010
2026-03-31,industrial-explosives,C024
2026-03-31,industrial-explosives,C040
2026-03-31,industrial-explosives,C049
2026-03-31,industrial-explosives,C050
2026-03-31,industrial-explosives,C057
2026-03-31,industrial-explosives,C073
2026-03-31,industrial-explosives,C080
2026-03-31,industrial-explosives,C097
2026-03-31,industrial-explosives,C098
2026-03-31,industrial-explosives,C099
2026-03-31,industrial-explosives,C107
2026-03-31,industrial-explosives,C119
2026-03-31,lithium-mining,C002
2026-03-31,lithium-mining,C004
2026-03-31,lithium-mining,C005
2026-03-31,lithium-mining,C008
2026-03-31,lithium-mining,C010
2026-03-31,lithium-mining,C012
2026-03-31,lithium-mining,C018
2026-03-31,lithium-mining,C023
2026-03-31,lithium-mining,C026
2026-03-31,lithium-mining,C033
2026-03-31,lithium-mining,C043
2026-03-31,lithium-mining,C045
2026-03-31,lithium-mining,C051
2026-03-31,lithium-mining,C068
2026-03-31,lithium-mining,C081
2026-03-31,lithium-mining,C083
2026-03-31,lithium-mining,C085
2026-03-31,lithium-mining,C103
2026-03-31,lithium-mining,C112
2026-03-31,lithium-mining,C115
2026-03-31,precision-fermentation,C019
2026-03-31,precision-fermentation,C020
2026-03-31,precision-fermentation,C030
2026-03-31,precision-fermentation,C035
2026-03-31,precision-fermentation,C037
2026-03-31,precision-fermentation,C053
2026-03-31,precision-fermentation,C067
2026-03-31,precision-fermentation,C093
2026-03-31,precision-fermentation,C095
2026-03-31,precision-fermentation,C098
2026-03-31,precision-fermentation,C106
2026-03-31,precision-fermentation,C114
2026-03-31,quantum-sensing,C005
2026-03-31,quantum-sensing,C019
2026-03-31,quantum-sensing,C021
2026-03-31,quantum-sensing,C028
2026-03-31,quantum-sensing,C029
2026-03-31,quantum-sensing,C030
2026-03-31,quantum-sensing,C032
2026-03-31,quantum-sensing,C039
2026-03-31,quantum-sensing,C046
2026-03-31,quantum-sensing,C062
2026-03-31,quantum-sensing,C064
2026-03-31,quantum-sensing,C076
2026-03-31,quantum-sensing,C094
2026-03-31,quantum-sensing,C095
2026-03-31,quantum-sensing,C115
2026-03-31,quantum-sensing,C119
2026-04-30,edge-computing,C012
2026-04-30,edge-computing,C035
2026-04-30,edge-computing,C037
2026-04-30,edge-computing,C040
2026-04-30,edge-computing,C043
2026-04-30,edge-computing,C061
2026-04-30,edge-computing,C063
2026-04-30,edge-computing,C078
2026-04-30,edge-computing,C081
2026-04-30,edge-computing,C085
2026-04-30,edge-computing,C109
2026-04-30,edge-computing,C114
2026-04-30,edge-computing,C117
2026-04-30,edge-computing,C119
2026-04-30,grid-storage,C001
2026-04-30,grid-storage,C007
2026-04-30,grid-storage,C024
2026-04-30,grid-storage,C025
2026-04-30,grid-storage,C027
2026-04-30,grid-storage,C046
2026-04-30,grid-storage,C048
2026-04-30,grid-storage,C050
2026-04-30,grid-storage,C054
2026-04-30,grid-storage,C056
2026-04-30,grid-storage,C059
2026-04-30,grid-storage,C062
2026-04-30,grid-storage,C068
2026-04-30,grid-storage,C077
2026-04-30,grid-storage,C080
2026-04-30,grid-storage,C083
2026-04-30,grid-storage,C093
2026-04-30,grid-storage,C097
2026-04-30,grid-storage,C098
2026-04-30,grid-storage,C103
2026-04-30,grid-storage,C105
2026-04-30,grid-storage,C106
2026-04-30,grid-storage,C113
2026-04-30,industrial-explosives,C010
2026-04-30,industrial-explosives,C021
2026-04-30,industrial-explosives,C024
2026-04-30,industrial-explosives,C040
2026-04-30,industrial-explosives,C047
2026-04-30,industrial-explosives,C049
2026-04-30,industrial-explosives,C050
2026-04-30,industrial-explosives,C073
2026-04-30,industrial-explosives,C080
2026-04-30,industrial-explosives,C094
2026-04-30,industrial-explosives,C097
2026-04-30,industrial-explosives,C098
2026-04-30,industrial-explosives,C099
2026-04-30,industrial-explosives,C107
2026-04-30,industrial-explosives,C119
2026-04-30,lithium-mining,C002
2026-04-30,lithium-mining,C004
2026-04-30,lithium-mining,C005
2026-04-30,lithium-mining,C008
2026-04-30,lithium-mining,C010
2026-04-30,lithium-mining,C018
2026-04-30,lithium-mining,C026
2026-04-30,lithium-mining,C033
2026-04-30,lithium-mining,C043
2026-04-30,lithium-mining,C045
2026-04-30,lithium-mining,C051
2026-04-30,lithium-mining,C066
2026-04-30,lithium-mining,C068
2026-04-30,lithium-mining,C083
2026-04-30,lithium-mining,C085
2026-04-30,lithium-mining,C103
2026-04-30,lithium-mining,C112
2026-04-30,lithium-mining,C115
2026-04-30,precision-fermentation,C020
2026-04-30,precision-fermentation,C030
2026-04-30,precision-fermentation,C037
2026-04-30,precision-fermentation,C053
2026-04-30,precision-fermentation,C067
2026-04-30,precision-fermentation,C073
2026-04-30,precision-fermentation,C090
2026-04-30,precision-fermentation,C093
2026-04-30,precision-fermentation,C095
2026-04-30,precision-fermentation,C098
2026-04-30,precision-fermentation,C104
2026-04-30,precision-fermentation,C106
2026-04-30,quantum-sensing,C005
2026-04-30,quantum-sensing,C006
2026-04-30,quantum-sensing,C019
2026-04-30,quantum-sensing,C021
2026-04-30,quantum-sensing,C028
2026-04-30,quantum-sensing,C029
2026-04-30,quantum-sensing,C030
2026-04-30,quantum-sensing,C032
2026-04-30,quantum-sensing,C046
2026-04-30,quantum-sensing,C062
2026-04-30,quantum-sensing,C064
2026-04-30,quantum-sensing,C068
2026-04-30,quantum-sensing,C076
2026-04-30,quantum-sensing,C094
2026-04-30,quantum-sensing,C095
2026-04-30,quantum-sensing,C119
2026-05-31,edge-computing,C006
2026-05-31,edge-computing,C012
2026-05-31,edge-computing,C035
2026-05-31,edge-computing,C037
2026-05-31,edge-computing,C040
2026-05-31,edge-computing,C043
2026-05-31,edge-computing,C059
2026-05-31,edge-computing,C061
2026-05-31,edge-computing,C063
2026-05-31,edge-computing,C078
2026-05-31,edge-computing,C081
2026-05-31,edge-computing,C103
2026-05-31,edge-computing,C114
2026-05-31,edge-computing,C117
2026-05-31,grid-storage,C001
2026-05-31,grid-storage,C007
2026-05-31,grid-storage,C024
2026-05-31,grid-storage,C025
2026-05-31,grid-storage,C027
2026-05-31,grid-storage,C046
2026-05-31,grid-storage,C048
2026-05-31,grid-storage,C050
2026-05-31,grid-storage,C051
2026-05-31,grid-storage,C054
2026-05-31,grid-storage,C056
2026-05-31,grid-storage,C057
2026-05-31,grid-storage,C059
2026-05-31,grid-storage,C062
2026-05-31,grid-storage,C068
2026-05-31,grid-storage,C077
2026-05-31,grid-storage,C080
2026-05-31,grid-storage,C083
2026-05-31,grid-storage,C093
2026-05-31,grid-storage,C098
2026-05-31,grid-storage,C103
2026-05-31,grid-storage,C105
2026-05-31,grid-storage,C106
2026-05-31,grid-storage,C113
2026-05-31,industrial-explosives,C010
2026-05-31,industrial-explosives,C024
2026-05-31,industrial-explosives,C027
2026-05-31,industrial-explosives,C040
2026-05-31,industrial-explosives,C047
2026-05-31,industrial-explosives,C049
2026-05-31,industrial-explosives,C050
2026-05-31,industrial-explosives,C073
2026-05-31,industrial-explosives,C080
2026-05-31,industrial-explosives,C097
2026-05-31,industrial-explosives,C099
2026-05-31,industrial-explosives,C107
2026-05-31,industrial-explosives,C108
2026-05-31,industrial-explosives,C119
2026-05-31,lithium-mining,C002
2026-05-31,lithium-mining,C004
2026-05-31,lithium-mining,C005
2026-05-31,lithium-mining,C008
2026-05-31,lithium-mining,C010
2026-05-31,lithium-mining,C018
2026-05-31,lithium-mining,C026
2026-05-31,lithium-mining,C030
2026-05-31,lithium-mining,C033
2026-05-31,lithium-mining,C043
2026-05-31,lithium-mining,C045
2026-05-31,lithium-mining,C051
2026-05-31,lithium-mining,C054
2026-05-31,lithium-mining,C066
2026-05-31,lithium-mining,C068
2026-05-31,lithium-mining,C074
2026-05-31,lithium-mining,C083
2026-05-31,lithium-mining,C103
2026-05-31,lithium-mining,C112
2026-05-31,lithium-mining,C115
2026-05-31,precision-fermentation,C020
2026-05-31,precision-fermentation,C030
2026-05-31,precision-fermentation,C053
2026-05-31,precision-fermentation,C067
2026-05-31,precision-fermentation,C073
2026-05-31,precision-fermentation,C093
2026-05-31,precision-fermentation,C098
2026-05-31,precision-fermentation,C104
2026-05-31,precision-fermentation,C105
2026-05-31,precision-fermentation,C106
2026-05-31,quantum-sensing,C005
2026-05-31,quantum-sensing,C006
2026-05-31,quantum-sensing,C010
2026-05-31,quantum-sensing,C019
2026-05-31,quantum-sensing,C028
2026-05-31,quantum-sensing,C029
2026-05-31,quantum-sensing,C030
2026-05-31,quantum-sensing,C032
2026-05-31,quantum-sensing,C046
2026-05-31,quantum-sensing,C062
2026-05-31,quantum-sensing,C064
2026-05-31,quantum-sensing,C068
2026-05-31,quantum-sensing,C076
2026-05-31,quantum-sensing,C094
